study_hours,attendance_pct,sleep_hours,prev_marks,assignment_completion,distraction_score,subject_difficulty,coaching_type,revision_freq,final_marks
4.49448142616835,48.31939786151342,7.003971147985149,68.61927155583666,72.02679239473956,3.7364081846669848,4,0,2,60.654721392968206
11.408571676918994,47.28851593503999,8.638026305099904,32.928977157887466,68.72830044131277,3.3291209623140325,3,0,1,77.15337292855854
8.783927301736862,93.43782063647257,8.321126508531114,85.42959225161111,9.575419866335766,1.7615391250286005,5,1,3,76.2278415901284
7.183901810364439,47.46823398946543,4.077299332856416,65.98371793019311,92.25724049058,6.07266670101488,1,0,3,69.38087356153727
1.8722236853092382,49.03648082900417,4.044746288190318,31.79029126677157,56.84722021568196,4.766241605086289,2,1,3,22.13215175786514
1.8719342440344318,83.15787836925746,4.877220574214393,92.17535431109052,36.372552113568425,8.657009923240036,3,1,3,44.15731210640901
0.6970033460183935,61.481788971537796,5.52752308438726,58.87740975014905,75.65385834953067,0.32109580482058253,1,0,3,49.004983241584355
10.394113749299223,84.36973898686269,5.859189069859378,25.467383890374126,25.736545840163405,6.438679275551263,1,1,4,63.58967549715896
7.213380140918506,34.575631029506965,7.757880517833417,67.01246783113004,69.35098370463204,7.629488785115611,2,0,6,60.307426893517814
8.496870933552547,64.12998355713691,3.3967630251608476,38.98991802596076,3.971120757224722,7.59486569188307,2,1,2,46.44347489091426
0.24701393154962936,32.35295201282978,3.2427089295824647,80.27700889079767,83.9408037609272,8.860739670955251,4,1,1,27.694656180816093
11.638918225943932,34.38572424187482,5.743373940607363,81.3366555174643,44.81708470213185,7.290337428294941,5,0,3,68.56045312810159
9.98931168960506,93.45062173410876,7.880145844965863,93.42105168909964,63.66929143579417,9.278100616476962,3,0,4,76.95648104145981
2.548069328139314,39.74717597823166,4.354047400695378,57.64021482683778,22.123781980668365,3.3265659982089146,5,1,7,48.67580046335443
2.1818996064852074,67.2694477592652,7.490531368793762,54.12176597958028,67.7073712658448,5.032094167515431,3,1,7,57.47227713882583
2.200854118241206,58.77669218204946,4.818796965582097,76.51067040848605,77.22402758932766,0.14079663282890675,1,1,5,84.38566481370624
3.6509069155144527,54.31403283811899,9.202602761694614,29.935299225644492,47.321318688439874,0.06957587303291213,2,0,4,63.038600726199974
6.297077179586854,92.98833419810907,9.269829609866315,61.01866353448432,61.77269240617943,2.401266204515199,2,0,4,80.0036732740616
5.18334022370539,31.527637774284266,5.081010429969286,60.96857000981382,45.63259238223986,1.0080719713908526,1,0,2,56.84392070813322
3.494749682376503,76.46527803229124,4.6099562777426835,26.710484210779043,89.40913692578455,2.602113679357536,1,0,3,46.61547074541276
7.342234736668553,97.43761039494854,5.879127804463619,51.34880641301852,49.78691805143192,1.770432945283974,3,1,4,78.55793080156144
1.673926327824502,69.21177284232894,4.683721096261041,83.99635989254014,84.18087090288189,0.2852002483864824,1,1,6,75.91584699323187
3.505735782422618,95.57757234231643,7.706686903041925,84.21152164959952,80.13520582702486,9.093041464060494,3,1,4,69.90566366072771
4.3963421195243,33.65805155002166,8.782452791837999,27.442824868976075,41.050482134835654,0.08223131388891525,5,1,3,43.89315262623009
5.472839810604431,59.31553233519129,7.7116449163785195,26.804066206087313,23.008449185747505,7.360821443370854,2,1,2,38.959842395627305
9.422111536716162,48.21104536734358,8.770453130745446,39.702160775145146,40.6082132559771,1.5214788691951653,2,0,4,65.7737328171431
2.396085385900317,81.15746754865108,5.778945135452319,85.6074546915495,82.62173757752201,9.122296219996,2,0,1,45.884236707909864
6.170813260963339,98.69079633480726,4.094218794962027,29.66769388051242,22.763253581939235,8.927959395898858,5,1,0,35.91374742836872
7.108974826344509,47.957104371097344,8.165656631783145,73.99976019705846,52.44363458577494,6.539011463692574,5,1,7,71.9717266530191
0.5574049526399727,75.79222210318521,5.523321535990878,27.58742147098274,80.60967479607474,6.722341498006052,4,1,5,22.994175994766934
7.29053822281726,43.86683429318181,7.698895776603927,66.73533903108691,35.34774751283788,0.053391419696885434,3,1,0,81.10688416957736
2.0462894842474983,69.5731178200127,4.89450759387236,46.70504743393586,64.22096370026973,9.848715661136021,3,1,0,35.86609123507412
0.7806191158233542,62.47527406818353,3.568607443646709,79.16854722244003,24.56315740488145,8.778326035758145,4,1,2,24.101746164324908
11.38662644704,98.0403730742076,9.948072568414343,37.52678366190227,10.927944536815993,8.95106225730092,2,1,7,78.84467814200345
11.587584396894712,72.59690908875265,4.093410555514195,67.94013720424698,79.43842250928563,6.592445370508719,3,1,4,74.44233381461665
9.700768177397533,54.46544604607732,9.918946957744367,37.67619009319137,9.896862340870683,3.447869286545365,3,0,0,59.83845160061933
3.6553652300804482,37.986704942155335,9.840959527965131,73.52452123341153,27.13813950795846,8.936486490904809,2,1,0,48.81732847378612
1.1720653680766064,40.58727801144542,8.556726727356278,85.52585259205615,85.51094219974401,2.9151692815119237,1,1,7,75.5875278486849
8.210796318145883,45.772185096586455,7.615960734573983,29.510134934507,34.64692870786672,5.627115433422029,1,0,5,50.807037086794004
5.281829924875216,47.567666293820864,7.0446493517575925,84.99467664466276,97.30453495141612,0.997309723438824,4,0,3,72.4930191903534
1.464458818137346,89.54312404887965,9.062710817644842,64.51814408107234,97.97343347738597,9.219556301327502,5,1,6,53.229803870399316
5.942122921335242,69.28559517977675,5.026076651336416,29.5332868150268,26.82760204535567,1.4077045777121333,3,0,6,59.986375165600066
0.41266225338262075,66.63736379620565,6.27376848739414,52.0656391519784,4.097822224989045,2.2489680573040727,3,0,7,35.77379953777775
10.911844824945385,38.033821030845225,7.335729785565514,32.064522011382344,70.50632842053791,5.58134158128215,4,1,4,60.346056578038336
3.105359779200203,90.20977853446044,5.878333331086438,72.52609166499272,45.098650264834376,7.640930002129815,4,0,4,58.0420382881317
7.950267412247784,80.59700122459387,5.992405178631875,76.91511008134623,10.07528439595763,6.1935130593629895,3,1,5,72.84019766095071
3.7405329130729315,34.736785333000114,5.311992672514591,27.934739020459922,70.75228189780428,2.3213391280015614,2,1,3,50.489674482870285
6.24081625413373,79.5484568060838,6.949622716791753,57.96048895209832,3.1174909111921223,0.009430425274903342,2,1,7,77.76555463237167
6.560523352119356,68.04767521398523,8.954021696105812,81.09687920194378,87.01966904922422,7.571505803074392,5,0,4,62.02308709510416
2.2182534663063245,35.72077420227448,4.41069864604419,90.21222811632474,13.865252911330373,9.852073259110938,3,0,6,34.01851201449966
11.635015533174702,62.08104490700595,9.54103127127409,58.51384000563275,12.7311878746725,8.099131203060905,3,1,6,69.88711988554807
9.301593880333375,63.92874009910329,7.823613576237608,91.27094177085553,17.567229796858452,4.602066181566153,3,1,1,89.53953850198509
11.273987298770269,41.6042178114293,8.762912488760211,60.17667278420224,96.02663584920666,9.037672613991067,3,0,5,68.92217469482868
10.737928205131785,96.19887029001976,6.893334848410081,49.5642870949931,69.3169360253846,4.0984767311835,4,1,2,83.01258956369439
7.174799745733022,89.49827600364634,8.456616909968444,83.61523464146717,80.13715354636368,5.249340842434675,1,0,3,93.60835413951854
11.062490820277402,76.83156361303759,3.1134027813762706,56.97370328435668,39.7634985732753,4.771297673956832,3,0,5,62.31649001262823
1.061910024623034,62.360689270042506,8.728662973456746,55.39268829233923,33.631272750495555,4.476238726655249,1,0,0,34.05683974267285
2.3517943490297424,58.82358791091559,3.2809720135975655,56.773436705737126,23.448400678316993,7.751907692939057,2,0,7,36.97106518936353
0.5427274669264568,75.5681427005668,9.229393634540038,83.50887514023091,48.0648028312409,5.26768907269492,5,0,4,58.544651870063404
3.903963969159172,68.18023085848338,9.943739230670502,82.3956156266039,55.18287335341685,3.1671712202521607,2,0,1,69.8846005029752
4.664127476273784,34.359117411731994,5.058472235237445,50.26399943301584,63.17748436527554,2.581581676584783,3,1,6,49.47983203635729
3.256188381286751,65.87518541392322,4.472229894000556,44.997489490289375,25.71185039986945,0.37747316967433386,2,1,1,53.54150700932159
9.944850109823152,86.44825320629877,8.357543547006285,56.894601802934694,94.86540809029907,5.83195161883046,4,0,2,76.21338470500511
4.281039920323071,62.146791431787065,4.771184386441773,62.957938230283176,16.975849820713584,2.2996141540103423,1,0,7,62.21304523164582
3.371214116248569,33.63696042879879,9.058936682205424,37.87529079709977,96.56531747664123,1.481339220163831,3,1,5,55.439360362128454
6.512352997898981,85.03947395688232,3.719898145102337,79.5466313536693,1.4856122507503788,6.538299638276777,4,1,1,55.55288205005152
1.6910906996971518,44.09546474951821,3.8816863746555077,56.48620742993172,48.11256918168456,6.812092578215489,1,1,5,42.898723871624405
9.626363769048476,48.10345844216272,9.854060885704309,45.053416131496974,33.336783811656275,7.52154892257666,4,1,7,56.36590422264701
0.8946077241572499,41.529444740260715,7.716872287890032,28.011574472299294,44.91234139302508,5.035768963385915,2,1,4,42.45300394239248
11.842643239206208,53.115054541004824,8.92821057100267,37.91338703027052,57.0664578980789,8.940546052038865,3,1,4,65.53271441725947
9.26693723155989,82.97260539820445,5.2703056414606255,91.19608788169877,43.558915801270906,9.363427533982279,2,1,6,80.36089353240669
2.384588178410069,66.35701016527561,7.7353862466442305,42.882476511464496,41.4846850301595,8.073709397924894,5,1,1,26.627802598018498
0.06626540548322879,44.34168919054988,7.159692791160181,32.66444670252765,73.27234154133066,6.355934820081872,3,0,4,32.1243948412375
9.78553714145801,91.44810547064286,7.2220508408606285,54.55045937412449,68.58762750864646,3.0372095359118867,2,1,7,82.49133736410938
8.482288126171404,91.57072984660704,7.777727216764051,43.031580752018655,83.32712820358479,9.829449216202212,3,0,5,56.57464694854375
8.748086016491847,90.94048975322048,7.02751421190369,22.636943770339563,24.995898123949555,2.7413616719193836,1,1,6,73.54519949409134
9.25524416023135,46.71573479670775,6.003436585118662,44.23589129595629,60.952850975406356,2.0265692199043106,3,1,4,68.05009232658352
0.8885358208090843,61.58675409266917,4.931458860663827,60.80814679546015,58.51947853928539,4.421541137865828,3,1,7,50.28187160836856
4.301588742531271,98.94927592986126,8.380069316392415,61.37842790149752,36.973781087268875,0.5684057071238846,1,1,7,95.64665819312339
1.3904287143015566,84.04087334169932,4.583907010022303,46.741919088266656,48.605754190268094,9.784944646717907,2,1,6,36.89746940980875
10.357241110507122,31.901719485789187,7.8464801430809,53.54770671894505,31.378214330572874,5.884335564164248,3,0,0,58.44101445204028
7.479577521930695,34.56432138823445,4.633329758545287,92.41384386760748,14.18443976169852,5.5695209166417525,4,1,5,60.366306449245236
3.9707762982317902,62.475196376863295,7.377311189681177,48.30113579227337,21.380121066273283,6.557962798997199,3,0,7,45.94925187820645
0.7627002034322836,93.64541441030921,8.229547869903202,39.36701099449873,10.55136464012011,4.970236477772066,2,0,6,41.347289543487236
3.7317878605879464,67.70912585669,4.530997222345775,38.26002830500701,68.30695751901241,0.3206351709454158,1,1,3,62.78697587407942
3.9021998643209646,64.84687556240031,3.419603106029158,54.33234595281006,66.07273931091515,6.123112888403968,2,0,7,61.48830343970111
8.75527414005677,37.38315899696414,3.9168162009592185,76.9640111537708,95.06063715798729,7.161738769564306,5,1,4,61.144024899089054
7.650689656262557,75.9746073307006,7.241978770897179,35.44911381413549,72.96784136472412,4.1674906062405315,3,1,4,65.65406434621406
10.646552910915918,87.54722124201578,8.946124843580149,73.1972095355576,5.204583875613144,7.57295572071193,3,1,5,84.9694858963268
5.666579101943391,56.62940052552936,3.3149777486479706,21.586236751206222,88.42451739289542,2.2700129933842064,1,0,7,59.49144908963545
1.4351309512596204,84.29282956477292,8.139058813291523,51.41997334879595,86.26751629457257,2.2127659106618403,3,1,2,65.16727751210566
8.558937446675941,97.51336577305682,5.389230521650365,78.18987989020901,44.332032077269865,1.6141698768757395,4,0,3,80.24438246514086
9.12942058340277,44.26365213893824,6.349698589436658,45.40497168308235,58.586305052792156,3.7199475978916183,4,1,6,71.4791131408166
6.735326370833954,66.63307418363189,9.50201684891896,62.28028260840496,97.60783324725189,8.470120353890835,2,1,3,69.91281356640853
9.251606159454731,50.09965706592028,5.323800533150918,35.37344246194331,53.23043638481663,8.279120621490643,1,0,6,56.145760605513644
5.925547156372689,85.49980933236876,6.257358537576403,75.64965433446292,90.53218283760897,3.828242079635038,5,0,7,71.61609157927991
6.272793952583928,70.43153561168103,3.0957769033247677,23.92093274515697,8.303875781018643,5.891187359802366,2,0,3,31.26716601306416
5.130492220302596,74.42076922852127,3.5711910400338684,83.94069836566253,19.105186870868284,7.208163164749156,1,0,1,51.77330761104902
0.30502952092914226,85.85399117311258,4.810141137943488,34.86472898162511,44.07549434413178,2.41206774628023,1,0,0,33.32876587793933
1.2946971239196534,57.71793308637184,3.194965685747521,85.57985237812481,58.47568083373047,1.6814108589474708,2,0,0,50.349522823729174
0.377150228240811,94.05630478849302,7.419627282337757,46.4396930975388,81.62278518628003,9.72095993212311,2,1,2,34.97815720507553
7.636924935165364,67.3120207072298,5.9847884976113574,74.20126808558649,98.82621151431869,6.175573132096185,3,0,3,61.62698302488913
3.77227177291592,41.05683759847436,6.837016419096154,43.941897333964135,38.885149647411644,9.81415721833664,5,1,3,39.743052076998104
6.102848293976433,78.71293827181617,4.222530301274307,87.94337534259857,4.741563614008493,3.377559871322291,4,1,4,64.23253079496432
10.890797687113116,85.52829453067781,5.071524206056313,29.49778441387808,80.11715032953248,7.030316999741315,3,1,6,65.01798459549295
2.9915067497864993,52.173317394726865,7.646771323969076,33.388984195444905,60.43807190828081,2.2260363654123774,1,1,5,57.38728618544135
4.924595076427557,90.0025479899127,9.757119065412798,56.97725938691017,19.854285886820165,2.6120017127391293,5,1,1,60.265239957059
9.066613662516584,93.43002783360365,3.3529174152154644,26.145382927860958,49.48284566214202,5.119021212696239,5,0,1,44.96518305843084
2.7455779858994696,49.38331411644663,9.232690245986863,34.698513852632146,74.23102455337244,3.1961812550807123,2,1,7,68.47439248234059
0.9237589179455159,98.84650309006554,7.038168409178459,90.78247866590108,77.04117870686437,1.6762156384058446,5,1,2,74.63167710566735
3.4770174349652163,39.84980696341309,6.9474369672893665,93.23672458609154,49.9618411998762,2.62880701989326,5,1,0,64.57888969270584
1.934655447048053,44.141096788174295,6.501949746454322,48.21944969978165,30.521453012885914,0.3574839446586464,1,0,7,62.895808074184984
11.156371828110878,42.89573874666183,3.485758601329284,89.24645157604517,97.37425820384935,7.044236214774866,3,0,3,72.5588226367278
9.697444554773003,92.57927970055093,3.629137962153125,60.86185067550738,66.33626109564929,4.921166570858616,5,0,5,67.99433111600902
7.600845078125081,75.80047866274734,7.206384039613603,40.23068494053253,40.82375193462987,0.9424306640452562,2,0,2,61.346119020780556
10.457527082252613,40.6472998255591,5.386710000048908,72.6799040810449,28.04632242046524,1.716939931284912,3,1,6,77.43228084876905
9.644064922789374,60.82263928578443,9.420876466043765,69.41763549311429,73.11029830035622,1.0253453811264401,2,0,1,87.46175894951313
2.23884070663243,73.07086175488614,5.846133761516306,94.184398933155,24.21834455937677,6.125928082758765,5,1,1,46.84075518236692
10.710707981879732,35.84248594925683,4.0029702109184875,39.878546555696246,17.17099889736882,0.942103636124938,3,0,1,63.47044581975105
6.472106902987809,91.76914578851371,8.003031834514253,70.40446269963016,52.98338889620703,7.542823330352161,5,0,3,67.37146135495637
9.68928186196875,86.25224748090747,5.053473950087069,23.901781627208518,28.998739264414187,0.20510919320391174,1,0,3,74.77818912311972
10.753095599081918,65.36447415036469,6.678292151491252,28.523452902253958,62.890514492361504,2.4937578799589213,3,0,3,67.42792786232229
3.8160416996623665,97.69886306814193,7.88482949853619,20.293878121331996,11.793867487423348,8.906666758919071,2,1,4,34.52310387136018
1.320623094332121,59.24326854925698,9.301848778414492,94.95955107947549,65.49411045673216,7.18531318122246,1,0,0,64.23700693029053
2.7352219505033,98.88772233255484,8.545338363611734,80.17052728606083,28.329652799770223,0.7296833292568772,4,1,6,82.17097192447939
5.125293463515076,76.7543999162539,7.7345274751090685,79.00422610501556,0.024293443451273156,8.211261044851797,2,1,1,59.5709509767586
9.816177191069917,74.4269891277759,7.757432276766005,58.22945564661348,12.693605767417637,4.930351215402048,5,1,1,68.5237423271299
10.328766999076121,41.61684267070495,9.621472508224606,42.505031217908,93.3615377835094,8.467830271688292,2,1,7,73.04505130509392
0.08342556637428844,91.73494308132507,5.0707686824757525,31.344821334700693,86.73546391153579,6.007397744503934,4,1,4,48.52242115474936
6.128967630930789,59.92427815444306,3.007784659373312,41.35060541348477,23.360903203623685,6.818330320328587,2,1,1,34.70402446195044
5.008932037785348,41.35633840477355,4.9036819157873905,48.19784164468543,77.83719045454912,9.935015603957082,1,1,6,42.14865683908983
2.665293725648763,30.88252639830313,4.525239657387208,76.72325727352205,60.857159317397425,2.3233554592401817,2,0,1,57.913385044452916
1.4383844080041936,69.18289785468679,7.6328420957979874,60.47463416773643,97.09047114498695,6.239455747613883,3,1,3,54.60533847622712
4.0513820568435355,66.91797354858734,7.435981198358704,25.8112719916612,37.36056595340591,4.603213900573984,4,0,3,39.46089564906198
11.31491644695023,80.3547535658411,7.154229678933067,21.352175671918417,68.14606125171713,0.39451952922691436,2,0,0,74.18314850002147
3.8784351842490628,92.31806371124614,3.113704102466176,27.674913465054736,6.353572242391858,0.14470641502865034,4,1,6,54.69176655655384
6.225487460920393,35.558460925012064,8.101446381154531,50.787403527303454,39.6247346816406,1.1922857781785867,1,1,6,69.57068451497045
8.436227506742135,81.20475432382537,5.26471288739844,89.98946877867637,96.38176611881805,6.490917405385481,3,0,1,73.469445866906
4.363555228551528,43.118836086830754,7.655391923046418,67.80518609069162,53.89808744501205,5.671630879133922,5,0,2,50.515008126753415
11.661384992651527,90.07239372100148,6.896048999515074,80.13694249066364,28.787950333484456,5.534295611637274,2,1,1,86.18253821162367
11.549367539305335,87.33444597031593,5.39911647799535,54.97809458784114,12.027096312860685,0.31856762528260085,1,1,1,80.63188247612345
3.02138754990437,67.85556284898811,3.9420338697287542,47.124956239628204,70.35283401815305,4.69302996360007,4,0,0,37.82996203816425
5.966982070708625,79.71699590363181,3.6609322836233664,28.130027953746705,64.48560434297268,9.246228178425286,4,0,2,38.57411606111095
3.610539717801236,52.00450792286239,8.820628331785565,85.69497666396538,37.39387136037746,3.975918693106466,1,1,7,78.541062842048
3.4180859325296113,62.98175292529702,9.428782794570907,78.7370021770927,95.09413518658343,6.249224697884563,2,0,1,71.76315372002635
0.44264336825439354,87.51458283973301,7.548516327350097,32.60885731982938,2.2202812987850318,7.798186756231436,5,0,5,21.872061224791942
7.314772007758762,62.148563802124976,3.7240388040233836,58.41954229071954,30.37238516318258,7.839252791418875,2,1,5,57.71907006316284
6.032148278746337,55.04587857278092,5.814190518217686,56.55311059409337,92.10694862995814,5.192800823952713,3,0,6,57.631744708583874
0.6177450149998722,64.59487130752099,8.102574400736101,66.88186645148964,32.09354383194404,8.579519454023362,2,1,6,39.705079248691604
3.3437575708393372,87.97744767060529,8.458746188070478,90.96401704934459,25.225283385517038,3.9137809336374696,3,1,2,68.04559573657806
10.899190631599843,53.46456331596109,3.82753035603762,63.482858132185974,53.42204099312473,8.886932147847983,4,1,5,59.68711765846243
2.874742688003669,42.16331151950207,3.000215031917677,60.51629500839639,82.3801749920538,2.402271663955453,3,0,3,52.02606246894181
1.738738465094677,79.84098142315466,7.984959321164235,23.774219970099796,10.314676087836105,2.8021640699057104,5,1,3,41.40730435804782
5.873433123330756,87.81847488956572,5.496173231903439,24.718060701351796,94.30207096457362,0.531206241990011,1,0,2,65.78078676744029
11.827805449327208,37.04462349664733,4.781369321327822,34.051009349509165,79.5072881181164,7.955818365422829,3,1,7,54.21667293518013
2.904663258138005,46.79118789291613,3.0902822885266783,22.435307876881122,18.125025555155194,4.170552362327056,2,1,1,29.144347840674612
8.065626568870542,39.938039283269575,6.782095847330497,75.75146716775093,71.20079611981626,2.29116613911399,3,0,6,81.55983118880323
9.139435383944612,54.35589881075167,8.958055147981872,74.24977279954723,38.495872263755714,2.3179027761657967,4,0,2,77.86421886788187
2.851650527908796,61.52456852337889,9.703421523908116,30.20421758237322,40.22946780763187,9.013999412292332,3,0,5,30.09963239356307
8.738596183342315,82.41784358743146,6.960214654293025,82.70591755964607,78.32900924388665,8.33916600461037,5,1,2,75.65862856865303
4.413397592631039,75.5803309417172,6.601229294179259,31.6089526134584,96.27848079807322,5.535308853571833,3,0,5,58.36227027384454
7.587669967122954,73.46499972349018,3.5953946984246876,42.588169024801914,12.665587284719393,6.161108004157211,5,1,6,55.34614869614692
7.602356529130736,54.66624626267581,6.8421096107981985,38.673267437102375,42.06302368788194,4.74325570550291,2,0,3,52.21818479517677
6.429296208897101,88.9013287159332,5.659853552757762,47.923032392978584,48.09416080843035,3.9166654287880887,4,1,2,63.0802355047984
1.0834772406528996,62.99010171787152,7.249946966185038,39.09978244174714,37.63118169549976,9.154768812183315,1,1,6,33.65753211824869
10.023629947070855,98.53734566106081,5.721084435135827,56.6713194828839,36.3189123716225,1.2561270352030207,2,1,6,85.29976374772141
3.84936077966083,74.38994968070158,4.682093864152567,50.55559110160141,5.226866756159653,4.184467897162279,2,1,4,57.45292827233566
2.238222124798251,38.83853190951519,3.6647569265986357,93.99271180844949,68.55386205626233,3.445619079878753,1,0,7,64.4401893687835
0.489301698657167,77.33242934528039,5.20442911212227,24.194476259616927,43.62144171200454,4.981507202511484,3,0,5,37.62509019590793
7.090715318258901,52.75728108021893,3.676513840014266,30.663603229051372,19.479380264392677,4.576318745451751,3,1,4,37.5861482407138
8.130772342107388,78.04290376802682,4.238278655767887,23.961942043145186,81.60335023020684,5.1888953165108145,3,1,3,57.184925389972925
0.19905394713427382,34.874880371368405,9.911353110056822,66.93808962367818,80.25607481516279,1.399189772269941,4,0,6,61.146247510977425
6.145116699591371,42.24170060231716,6.10872489834633,24.08819580602897,48.63916280888938,5.131415015132771,2,0,6,40.20596059491471
2.7179493023752554,89.90160812340504,6.723102365535116,82.73298030320925,29.845066114776053,2.4241881388721085,5,0,1,67.62379982426566
7.742073484913398,45.90256899164604,9.115329701160508,58.395397301144584,63.80927257964524,1.8433134898819126,1,0,5,77.37818076083713
2.0923971480598973,88.5928787670058,9.968982303434814,59.525571843615026,28.815213577740305,0.6483421878619122,2,0,7,76.02310494604887
8.29125285722959,49.54932619180873,7.079001145412771,62.119588078414566,23.600793032371204,7.626525587561409,3,0,7,54.73860727697539
4.640824155606449,75.00173370410954,8.6873167473092,32.8110279729658,73.05146540263266,4.274419208565599,1,1,1,54.23000424810622
11.240759864840815,78.59054014568818,5.288587170356727,34.826772733586566,4.0325239720950705,6.2664368331175835,5,0,3,56.042561232889135
1.650251329751919,65.8858327201537,5.140207702131038,43.91129921547535,9.476847103459395,7.275933433047434,2,0,1,27.72172112844907
4.092796212603102,51.37174736877119,5.818926046961922,64.51223118663886,0.6788174023589777,6.793166653135535,2,1,6,48.94543932140516
1.3616822548870688,44.88510634597673,7.707550838715544,35.75883319551609,15.294318647542616,4.705007190896823,4,0,5,29.870839074505287
11.096323419342752,32.323254819369836,7.775341824785691,28.724879534994592,6.899000871045946,3.8789852895172983,2,0,0,53.85231240104941
10.528072240571772,51.27624808685067,5.206676042546156,92.75876648138241,99.58023677799186,3.759599096406637,2,0,5,95.44078267099339
3.0952995325818673,75.72139533718982,3.932469468956401,21.648636110721718,28.880996995408957,6.400487969300563,5,1,5,25.706206209473937
7.9198085524101485,95.68133729139379,7.42677379525856,80.20230540020162,14.926801266924727,4.947943549418734,5,0,4,74.91511058939719
9.80666640241459,90.98431375841363,3.8982810353213515,79.10263621812666,24.099625799591795,8.491322479885106,1,1,0,67.72362795541456
6.6624097391935475,83.62453435747119,7.04944755760531,42.2910585383822,93.61255715401346,8.747019843267122,3,0,0,49.70173956962464
6.355806940272078,85.19131402773091,7.853954896394163,30.171996200548506,52.016022302439566,1.7056037800651846,5,1,0,51.84198250011909
2.90222749080542,76.54894324331967,7.904280474761162,30.922148502906758,36.48180963078569,1.3623365154572564,1,0,5,57.50075876007327
1.1172332136707905,48.220080029620206,8.274304774617178,72.30737129278944,87.33914579092193,6.3040092603599955,2,0,3,54.50440755102098
10.76658909543992,93.50365214940808,9.110015950959653,68.21049433146302,39.499027054903245,3.012257480622794,1,0,0,90.75106109353483
10.805016685959966,76.95126183340838,6.499712943753519,78.70592556885401,33.50085699576958,0.1857071876509886,1,1,2,88.84226033842886
7.597217487279215,69.2308441686308,8.111744326706997,90.31108792993285,20.728252254973555,8.88642669362955,1,0,1,71.05313781683303
4.068357492584408,37.769262844943675,7.334209147560857,71.8945522449944,37.77968239094115,2.2690076724380823,1,0,3,69.16621483304125
4.190514895351931,61.29388806644978,4.306479578583778,31.688865241358258,31.6684356016926,9.292806516858091,5,1,2,22.273516516255846
8.711468146442872,62.22507898413484,3.179827514085857,38.2581962574058,67.73039592981411,7.174344508782537,3,1,5,63.9968025999691
10.765323119430924,90.5194526665869,4.991789699738536,83.16452981548359,28.958270467072712,7.6265348991148425,1,1,5,77.60843235967691
10.645037091181408,68.2653754131452,6.101235944363336,35.69795568756564,57.71997464225615,2.014614957931604,4,0,2,60.86073106840373
9.358506550291487,56.62803842792867,7.319741611000594,25.439173771586105,6.589216503197271,2.341944256168129,2,1,4,57.49889132654578
7.704379753851454,98.37602299574615,8.949715313522438,72.74600405316878,19.128915669651438,5.212677538240658,2,0,4,79.15996183983394
1.009679579940586,37.750441532842096,4.373720016943159,50.18947666176065,40.74052716113488,1.7209985264986216,2,1,2,31.877954215460477
1.9395445691353652,59.578389981836125,3.8788485292893395,89.00300394094278,93.69492539086954,3.0543169268303227,2,1,7,68.18763834420342
10.782650262324951,32.94172726199837,9.744359632320293,68.76913033202462,37.72519857156954,3.2146247794780445,2,0,4,94.33416512374991
7.277148715915079,81.79328845368512,3.75631191563485,26.781423334374555,66.4074121199834,1.596299332527641,1,0,1,51.49131213231743
0.11036461939955577,94.26535865394054,6.349437490750324,91.08924254402456,25.508722242139815,2.0518283339516072,3,0,1,57.2583817454312
1.2176585143923853,49.60261306853426,7.098946101553113,39.39179477301845,12.703357597323173,7.885518420082565,4,0,7,20.847199060297065
7.96202122929667,90.08391737593846,6.789620946352068,45.290936780471434,5.853660008005013,1.6719585454726837,5,1,5,67.82061029110054
0.06073900615462424,50.45527613233284,3.602225099230602,50.16953102626565,30.541349854275136,0.28457391843922486,4,1,4,38.706980117541
1.9296966170099839,93.75391131507406,3.3991883980253355,23.841822230323494,15.766102679690796,6.293549426289385,5,1,7,27.222197040585375
6.584805472399033,82.77733325177488,3.7383839922272495,57.238656667295366,17.40104480161242,9.7598311939245,5,0,0,32.43962844487322
8.30274237231232,86.34347437890071,7.099113787108288,29.248886830646917,76.075930838695,3.312138146231214,4,0,7,72.60328663230942
7.823535114031206,31.260458892031814,6.810414213440247,50.072774501626384,1.5838070944874216,1.186557031962523,1,1,2,68.86093366976664
2.6912317135267174,97.39672499518181,4.636185544257209,46.303234099406325,55.78101257354344,5.703873253675308,2,1,1,47.01676081861675
8.54615065617043,80.86696944492263,7.464418992919141,77.96300625698775,37.94613805934648,9.063542110956462,1,0,7,73.20589428501013
2.846989049961601,51.33257667702934,8.740472514389545,80.23778837245484,50.65499999085472,7.8406177982847876,2,1,6,61.59628906450532
3.9047963779112127,88.05762654011929,3.2910527189261565,31.5059661791816,56.28302372146029,6.22515868412716,3,1,4,36.15658062254097
8.95789686141629,49.706483889045096,6.486909604836297,47.49133905344196,31.336769445727818,3.1505649660759936,5,1,6,63.082761418903914
7.795594788566576,91.09276876962895,7.825172884718832,48.00148707738738,29.51088601842853,5.4188017327622,4,0,4,60.16810757354278
10.190680925930135,37.880627328835594,4.76618348948781,31.35578329520638,73.34018493349058,0.9124484130425536,3,1,7,75.63052011440159
7.891354707604121,79.2580184222557,5.154396337052043,79.88401287883929,87.12769881211571,6.789454242806699,2,0,7,85.35700955995715
6.819703240025659,67.84889336514372,7.295465320925687,73.04212462515675,19.25816324585279,7.250960188976508,1,1,1,58.105412856398196
1.1240972139371097,36.75741291368086,9.285547054106157,34.2786339722776,9.761876053514895,9.650316229099188,4,0,1,20.176859448231397
4.412589636713202,46.932567978118726,8.669470942120295,47.50414314453493,89.77958063920259,2.6039735874507164,5,1,7,57.38450850939331
3.1824284121807054,30.868282539412036,7.081911533697085,27.935376864238567,34.989546364739866,0.18456419043022643,3,1,0,43.191921346929576
2.927875720549003,62.81375758251541,8.111552024300744,67.1154947819783,55.13173906628141,5.456084644271506,5,1,4,56.11734223555277
11.676126657029346,51.08856825320002,5.553757291454591,29.102894341146474,35.95431445200035,7.067905043968144,2,0,7,49.80672589192703
4.717172696001125,71.88502390084312,7.486758696691304,93.94506264686883,12.58023363460513,7.90407475882988,5,1,4,54.53306122756346
10.70455866212536,50.80664653960321,6.2632711378928985,78.55115560158967,58.933164494772804,1.937389330248106,1,1,3,84.69590252920109
7.573663511967155,50.994337805488925,4.329552955202926,49.26789121879963,52.514085176962965,2.6175286903702366,3,0,5,52.56170763098144
9.537735642499781,82.02352391121224,7.9121679171408,63.392294920951585,20.299355919119723,5.1259092526729635,3,0,0,54.4437509347881
6.031645117262306,33.36999851848474,6.895252461441754,88.35063621623065,45.186904465227784,3.3060080997000183,1,1,1,68.65391989253042
6.92284661551631,93.2026496634391,5.51035107367514,61.55744602968696,79.69475040156459,8.60511486587445,5,1,6,62.322110523975944
5.910212325826366,89.6584712073827,9.379374330550416,33.087386479846636,59.04261031078914,4.737601537387203,1,1,1,65.21871157083987
2.342915853576534,76.74632782584845,3.146538824787133,48.402751668586944,9.691732706699485,7.99578644102003,4,1,2,30.695123472332487
8.669425383138064,71.52550990751689,5.210412058746472,83.23586487723091,54.802149722913505,5.806197604823538,1,1,5,70.15602863973164
3.3692683492902695,92.46117486977565,3.398169784443526,68.31597619922134,70.27382992895869,7.73090141617112,5,0,1,40.222513528074
0.29179159717744607,42.97311256701001,8.36569121355139,68.80432882503501,79.27034057807514,3.326729865303238,1,1,4,72.41607360944232
7.745667550886013,35.527841353358,7.914752178796548,85.01161142663669,62.91175786342668,8.314166219303111,2,0,1,64.67681277518254
2.1253281528845873,46.76571189366767,5.319465531154219,87.04797930968785,15.265816454078374,2.7457231555102157,1,0,7,63.90695425035069
11.285503012234972,85.62047950901332,7.729640315449512,88.98444288345772,71.01732665901606,5.460988080032908,1,1,4,94.09935028748099
11.447142924031048,32.42691867085383,5.771560583371649,27.11368949398671,67.73418460815164,2.1400711317387424,5,0,4,58.39439564488369
10.978372682645382,70.79647845584427,8.29377653995704,60.80945014723257,2.442688294063322,4.755265216261933,4,1,0,58.22056331377983
4.441904403065333,99.6806261333917,6.179285639156943,75.5382140913739,41.174766759024315,3.1817520950870315,4,0,1,67.69594816202581
0.18547939834640914,89.89872656862775,5.8859580948216585,76.76951338452604,33.29502469623733,2.6670343063721424,5,0,0,54.856216385244615
11.139822751052705,66.50119823305127,9.543109408418108,65.50371514775028,66.94120642536434,9.669850180280374,5,1,6,67.09792864924208
5.138209779807772,34.454863650064965,4.756153699234901,32.509050138775564,21.61358123109207,1.6007410548673062,5,1,6,37.83050320263571
11.599857828524035,88.1961460069997,3.843131379975958,79.80654154562482,59.08719229742585,7.873258374573952,2,0,5,77.53279645206054
11.563439725071035,71.92849557240473,7.091801792816208,74.00835001362093,91.32059618141723,9.841649594832148,3,1,4,79.0184240899041
10.236113465608321,38.04530979416968,9.785252685989253,26.46018286617772,79.78023722086077,0.1990148374007783,1,1,7,83.30864447992566
3.5333867048350283,36.570009937634936,5.644874496090306,54.78573685057822,92.14577362165303,6.99027414042095,5,0,7,37.873088887142984
4.621172743223103,93.67387736056148,3.4342573454014707,33.04830496413527,97.850596693269,2.529118055562871,5,0,6,51.92237401135309
10.213640058202284,76.8440184056655,5.375136871166973,45.31077842847289,1.0670127006162766,0.40487824328304445,5,0,5,68.5211260384213
3.803064061875332,88.05007595217289,6.541521580236909,21.356081915426408,62.27412763774775,4.028895789566308,4,1,1,49.06276188156649
2.03391296023311,91.52852301975872,4.133461046425496,50.02474013080687,41.283939775890644,9.35217810170875,5,1,5,33.847274893255225
6.681615149500201,70.02406464338256,7.606715526395444,61.24076908671579,85.98544903351217,0.11765094366997686,1,1,5,88.52201598785773
11.233857289929372,66.22124462285288,9.984245723071403,66.46869446203152,25.181470200913168,5.878856919297817,5,0,1,61.98279605349412
8.352357560099676,60.12991872246931,6.162176331870107,69.76177588465325,98.10294891150761,5.0139647859532435,1,1,0,79.2451104251339
6.84073404107238,52.18626114537835,5.483099897111488,82.72184848268449,61.370796954374725,8.733841643710475,2,0,0,52.77513015512375
1.1661179252492224,60.42171726010982,5.804929167841267,36.15971804567975,79.35374022288309,0.8400171452062566,3,0,4,46.04343536217423
7.380086720390037,84.17157590111094,3.806023248766408,29.036136682885093,8.559955282276832,6.815260298866503,4,0,7,43.8020217656512
11.88064620125116,72.1346401710592,9.182915209983566,83.86528789234443,18.345788475886504,6.801096984332773,1,0,4,81.7521057759222
1.6810081828382883,92.47663029683923,5.9037795886494635,31.74596111694874,75.84036730342032,6.6908001686228324,2,0,1,36.45525236882264
6.21995582836484,61.03660100654314,5.710920879973889,93.10700610021465,2.198652203932361,9.42334494935037,3,0,1,48.46772863535192
10.528476863135465,72.49627051031278,7.6178319105133205,83.19036720489777,81.68779858937827,8.230875290068804,3,0,3,74.57556440003651
8.889223413050454,74.19152871643921,6.094233946517864,57.56574544171993,1.3949018691911452,0.4197272624350601,3,1,3,66.747557233794
8.364188891943215,71.41880136144279,7.537634281654922,93.60660686915189,65.71188390612733,4.7108285070451315,1,0,2,75.38920347671845
8.42980900784531,79.18436411598614,3.4301240309155125,27.303254683100317,36.50939202318059,3.979530562013335,2,1,7,62.744389674759596
4.313893814637062,46.620342786236435,8.696063406055593,42.72993208813263,61.149485271919914,3.1014722109080206,5,1,6,56.68130124897634
3.5231021311739203,65.86546442820534,9.583527670155817,67.86683112804586,69.60314069891137,4.513367251540973,2,1,4,69.67049724179564
9.712333865742163,37.295736196584336,7.541357703115701,46.250515135488406,34.24752191863042,3.8419418492597748,2,1,5,62.01996263989136
9.721360736150169,56.91579293513688,9.681961502011674,89.62794139855939,10.796244811083556,4.323338998786653,2,1,6,88.92763835534782
10.404867822961243,64.13669480348851,4.060026200589743,24.921956613336317,6.964586774826564,9.792618656086425,1,0,2,35.444373408679226
10.958886630677656,75.65569816818308,6.341913326362476,61.205887404572344,58.89360225625479,0.8863297474958076,1,1,6,92.82031325051344
6.136108786331254,96.53717368103425,7.212647137618131,64.31497005463359,52.06553537341115,9.222308698387298,1,1,7,68.99292004591526
6.018195536246395,72.04557465838491,7.072156531948307,68.9546092832918,74.22010091211325,4.802367134710267,2,1,7,78.36926483122045
9.579542147601302,82.05157413235918,5.8102324536233025,39.17496674988608,50.97355100039371,6.237422454995412,1,0,7,76.6595757410517
7.799567169333182,65.43862416466419,5.36659086556383,47.342482063989834,42.244579003087914,8.301829666176939,3,1,2,51.71623682895877
8.42360252709244,74.3872821963432,3.8877681578529315,83.27603972487333,39.808717823623084,3.6046302914925556,1,1,0,79.01550001436361
9.549512033233214,34.96525512936414,5.7421971539359475,34.62070767276199,2.6446902597667465,4.304219080879669,4,1,5,55.986942011091365
10.680064101810796,47.807410658929285,4.138625705738396,82.01508853800215,33.55572016966571,4.09518480278714,1,1,7,77.88681609993318
4.05594188221843,55.32971652435971,8.140559735445528,62.19915671770568,97.60201575244942,3.7473102253575985,1,0,0,61.33359867326748
4.506995431679329,63.07453485045595,4.46181654846213,77.16406333955615,87.35555762270889,9.25529321646895,1,1,7,55.79310302906004
1.127783278090428,33.19541218516686,3.409957136991737,73.52055246976036,32.93780670342177,8.289298911930121,1,0,3,24.97406722439697
6.939361691954088,39.80168682873224,6.86656296472064,35.563362153865924,58.77954050663722,1.089999898629761,4,0,2,52.44087581314175
0.43130728556090503,49.37700154539141,7.1666081290358115,62.660955232540466,84.7296745535494,1.0812335247709604,5,1,6,54.688012864321436
5.587176217589522,98.00728836307354,9.103391428963539,85.07923646038194,44.12743367500687,4.278695148529912,1,1,3,87.11961806773827
6.5117356164909195,53.19429049721356,7.038871286923773,52.408717760144704,1.795786375015096,0.9865737673280905,3,0,5,63.57356015603248
3.438495025539413,63.742874067845776,5.41836597606412,92.49430776674876,7.451046181864007,6.190930952711197,4,1,7,50.98887946789864
7.089999126828129,43.726839891687504,8.621083170684244,53.91613250762885,51.039272134870664,1.4369160726173391,5,1,5,67.91883658611692
0.36600299926859314,72.75460497530378,6.781952252311948,30.708922750091354,96.94393756758784,5.223732639668011,1,1,4,45.58932696495675
0.448178264990573,49.6478250861182,3.554961992418342,49.207601005825495,69.32095422188678,0.07219947003717753,5,0,7,37.04148538369056
9.871206727915899,44.48948049068987,6.960953922192727,91.37768047929029,7.091619143856953,3.1659634841264674,3,0,1,68.93261445630459
4.322287696935154,66.16008399121853,9.356129817951636,43.979063700489064,18.936087579186278,6.7719072367265545,4,1,0,47.70799301581273
1.5247261518226174,30.385405941229457,5.774188378487544,85.10736199002972,77.132314321685,4.840389402278484,4,1,4,55.42518658381433
6.266919120657652,30.53648228544577,5.0742806132986,86.09380112614174,84.14397599562447,9.782694859989881,5,0,6,40.74881006408793
9.23992263718333,45.33481663713005,4.00428619912614,46.26398932489708,61.76945861885908,8.741037960662108,1,0,4,51.36722549457901
2.589852329962118,32.57049537505748,4.060118653547502,26.24432435379741,64.44231696298166,3.5907077904315123,2,0,6,27.133729877153712
7.4746857098280035,37.561802789148395,6.029400390392732,74.34184318691138,2.8337450383384644,0.454865414722746,4,0,0,57.86957643384831
1.024169579925216,53.72024545371261,7.1697587691307065,43.363422426048956,82.85302595815085,8.456263001150187,2,0,0,29.634929211539838
0.6201806540232924,86.1809975705869,3.5643078361872123,78.71927106931793,78.82752081708297,9.112343103146713,4,0,5,44.97543821964756
6.376255578817776,70.04340503585107,9.57698012317616,53.19911361953248,25.903514410334715,8.206273934190367,1,0,5,57.914209697861516
6.487621459321279,65.88674081694916,8.285935322116371,56.395005675696616,70.8676719965507,1.2794994091976486,1,1,2,74.13519917505926
7.649158817978479,50.54421762456852,7.106367427985639,78.34320550614027,21.48546064249981,9.979151344122878,4,0,3,42.991535307320696
8.71309600467194,95.22276036029714,8.799070696572937,48.67724982962209,4.033016105151299,2.5858422155277383,5,0,5,72.7200617265998
11.710224953550416,57.79105288660342,3.561307297684793,53.23455089921859,20.113654259037727,7.242049128083701,1,1,4,59.25301799076347
6.195604179614344,36.096493675704004,6.337872144131871,48.21428515772166,17.86288767542995,9.080348763357215,1,1,2,36.972658151561234
3.8754776752949516,73.1946561282461,7.410651888031644,47.550538645795996,33.77479967348472,2.356871143307094,3,1,6,67.47234039986533
9.542234337224444,37.9686875433621,8.800570342828024,59.44599326760945,41.84494971754581,9.08258554677066,1,0,2,59.44808252229606
3.2499870151448906,54.165619996118444,8.484286920344875,80.6599583375863,50.853889149770794,3.09481579194867,3,0,4,72.76429442847362
5.267657048467633,65.51883571024662,4.939484747993797,47.132623394192436,47.675387550832816,9.764132223840562,1,1,5,39.95264859383184
0.9414765761071915,91.1955767279623,9.586161186914431,59.31910404033025,27.067460596528935,2.812600203804746,1,1,7,66.3624235981439
0.3042089209854901,64.5482606238083,3.8704208900160926,70.30454940819507,2.9170668574074465,9.534358247578352,5,1,6,26.919467528737087
11.5517809761351,79.15811362221649,9.125935330348064,40.20795847277412,60.51016222371507,0.535446508926749,5,0,4,93.81361213337897
10.03176144614647,99.49717872993493,9.79658174723233,40.81421036767944,39.57448298473544,7.09272011669813,1,1,1,70.77891740386471
8.351690473124375,39.20423839285871,4.240074662558379,90.00598452675911,29.86721573875497,5.321111338370037,4,0,5,61.68925792066515
4.907435332971239,49.231206786366364,8.054462449426497,74.26509299983164,86.69410428305123,4.778770771227307,4,0,3,68.94135416874428
2.0795318408501493,57.62032529183524,3.2819986314459895,63.28900071674816,74.67433077981597,2.2349431425584,1,0,6,56.56567500837013
1.8772445120530326,59.527972497718196,5.837959775974085,68.57900408154589,85.77655483724422,7.0559578977649196,4,0,4,49.96811665057096
3.002914777975144,58.771475268588205,6.613983094383718,22.19745823275638,49.4982794712461,1.908094914463071,1,1,5,61.653364180910835
6.590719976473446,93.53277017895884,7.064516581367439,66.35772241712726,13.093125212677748,5.528417959847682,5,1,0,60.81766234777908
8.575151072400748,79.98228511267996,9.551560737739916,58.21316549181514,69.62214361212725,2.5324536304025083,2,1,1,87.45533747535674
7.922368520612775,72.55336498634927,7.7057548110593626,60.93122598345767,20.607377993717524,9.55621379781356,3,0,6,59.74946253126025
3.359206763351314,51.65609025039475,6.368945658534659,46.95678701231128,44.12296690917168,0.28631193835652824,4,1,6,54.13689882341301
11.45838336795833,87.66532689549064,8.667725253861224,26.110542328470643,6.5000788948888495,1.9972828011123656,4,0,3,63.48972705060102
8.854763000349223,96.85423580394922,9.653729746680863,34.50044252090392,82.53084024229824,2.423106063874477,5,0,5,80.08745325556384
6.652248630136809,87.48387977851586,3.1544630407760357,91.30585349095038,12.594064104750057,4.140678257678164,4,0,0,57.28811598237061
7.340648954812227,30.109557363403102,9.87764890579227,50.65246717032005,90.30975070493096,2.327302418700535,1,1,5,83.6320510428572
5.0352007491334785,74.54809591283849,3.6029249734457625,55.001236687314815,86.42306022615571,4.913490902687853,1,0,0,55.17424425545925
2.9727718740138895,33.57947670094705,8.700707454881329,23.953234239007926,46.4582764439246,8.72465523258539,2,0,3,31.308775868875923
4.271672143815139,48.03250542336053,4.962343267859888,22.817467215798544,74.43682043039907,7.120634214091708,2,1,1,27.15745600103656
9.09415332557243,34.16672902434402,3.9252576042771024,73.78860852850683,61.94450738181533,5.79961980535111,2,1,6,72.09133719082638
0.17272186355707042,72.26568170645714,6.078989477996844,60.357099809083344,80.30756423377449,0.8900317798267965,1,1,0,47.89097086505794
1.3928716860829948,78.06129394448247,7.507696056133295,58.152948816220004,43.180510078591205,6.939921083892756,2,0,2,38.22702697110315
0.552031704261033,38.01413466461336,5.666662915164325,38.23433978170015,78.580848424435,1.6641428431093985,2,0,3,43.621346343453396
0.48874562782764164,56.86872181314857,3.3819578579788927,75.85630487224417,46.245681706514794,7.86367385961698,1,1,3,36.20891483404808
10.265527008132086,61.93655562688794,7.1962279776110165,32.617743433136894,94.09657878427939,2.500567585101532,5,0,4,67.70646858326938
8.443894312560284,55.83371152326416,9.316822932774723,34.2451057745765,48.637210082514756,4.170487283209009,4,0,1,57.42385417974771
5.690085949047902,38.47175003396352,5.682507561630762,54.55341285112066,46.261927193372955,3.504702023179279,3,1,2,59.82243728303172
1.1740099278120177,59.326345313123284,4.5143294434157895,41.47098965839557,78.50718615635127,8.588139146748567,1,1,2,22.775629067786006
5.899390501401989,82.58246334658926,6.098041421529707,38.55972359248598,82.15776917608379,1.2654445871340814,1,1,4,80.42707822954185
5.681661249366789,34.970536517327886,3.338538977341466,68.39282334149988,55.44891143211708,5.656448823847886,3,1,0,51.700637461922376
2.078422438920182,35.61260098573324,8.743413091361923,68.82288089139084,17.97978134950754,1.4206160944306223,3,1,0,50.2876962657422
5.206219790855677,54.833990428518895,8.784385676651308,81.83878023499469,46.77582309575795,7.047958361321866,2,1,7,66.55045514513034
4.782056812768481,95.92079981332475,7.116003244007399,51.328142522973195,96.80725029096784,9.050781277944811,3,1,7,62.30085518770995
7.390201176626597,76.80008527060399,5.4717202225687265,25.481381826961268,75.29861930391851,4.346076538672534,4,1,2,51.28746261770139
7.621123810411726,77.50689696707954,8.598483551120484,40.524978869109326,81.11626038791321,4.8809226026497585,4,0,1,63.88674965564094
0.5436481172645342,55.33439935865054,6.88280917351857,93.50040973976127,3.282549881924013,9.274228364827623,4,0,0,33.25822158607025
4.495351375517655,71.55625538459769,8.781526159850113,64.71939314245266,46.78594626341599,5.209913886493571,4,0,3,50.64233378409376
7.510318988570837,30.709182881942038,7.420211548081144,73.23028136007652,64.66211336575553,4.875984380495609,4,0,5,58.76566790431924
6.037635102961053,74.52672324866796,8.490838312489581,20.55183722190609,83.00326836280748,5.783291027043042,2,0,4,49.10163037752805
10.277878094259867,93.93008633033656,7.18994095252432,58.86542991368906,4.927365358277147,6.8922973636295195,1,0,1,68.97843200910097
7.90432357942734,72.88014278413735,5.898987477509664,22.814649314885234,85.24388856418732,1.0688337508703138,3,0,0,65.05758119543042
1.9552131249771563,91.15890154264414,9.705621019482962,62.6922659068586,54.84009367419117,8.211105277415161,1,0,5,52.73952287583386
0.8468249688051581,80.67811388262658,6.787796774151913,89.05781372270565,19.731397057605992,4.3550502745325925,3,0,2,58.351425486961176
7.709031338475787,38.43908914825832,7.235626629783769,92.6314347875306,31.72552164497,0.7234850989748554,2,0,4,76.23205778053534
0.31813572649946176,93.17173151000893,4.543413475903245,60.54145065416931,28.192955175156076,7.861826691982131,2,0,0,35.84093468563309
7.02930697528156,34.65106910490424,7.379555525990935,54.3653603939162,53.08590342884758,3.769499716862721,5,1,2,54.258139447994274
11.282762897099492,67.37772307834346,7.001253546380607,90.87628206863705,5.168567991113182,1.0036749509505394,5,0,0,79.82670361343891
6.9056901345105475,39.94959866554204,4.293868785629175,70.52073739975214,15.853615849992353,6.337790395432505,2,1,4,58.29443722358468
4.658039114478263,30.819462751163286,3.417109681472006,24.86744596538071,81.26930433757823,8.801313534336417,2,0,3,32.38981408472831
7.719458621308238,59.54239820893473,7.230515238003398,54.929418325062315,13.260399074681107,8.877535094139864,3,1,6,44.11185310499385
5.4990346858981995,50.652849535790935,8.345845885452244,38.018376384822794,23.339626945812697,9.576634748089731,2,0,3,39.22997887467193
6.547401471791219,64.02003456583222,6.663809596454057,55.23532410865112,45.33706056041573,8.67705459766688,1,1,6,59.27797730000407
11.297577705318302,70.40399207141856,4.587408377237519,54.15991790047713,51.71208881133305,0.02140919345475223,3,0,5,85.75296489919397
4.6332316536092915,33.061735061626315,7.665653836851244,63.66086021110565,76.36104796141586,3.8024116641339023,2,1,2,53.39052974815462
11.534286765886971,38.610230658662196,3.5607400862672156,46.75778677619384,44.73324266661878,8.18542579905503,3,0,6,45.915854587757515
10.864207703472765,69.10496775152978,6.092835933613682,32.320283709194605,78.98646210355388,3.662530059984742,3,1,3,68.3948309110085
2.3494936174715573,54.021714722086074,4.143567308788941,57.77895759424672,61.834630704545745,6.015485063797062,4,0,4,38.43425774278189
0.8323356105019855,81.04214412846136,4.291213357419183,82.26521632593216,11.309973942382246,6.063169473745321,5,1,2,37.40018961870905
1.2093360165291198,75.66041540143578,4.4160576441074255,69.80091710507017,15.633143839283859,3.6502530403882307,3,1,0,42.97070448777238
0.21866190781859673,89.19230540929348,5.706949399307845,45.37758994439119,43.70337254497708,9.044739272812876,3,1,6,40.18650688713313
1.1333155290711407,78.47449786684578,3.358051439342783,90.16422670691429,39.68893930890396,5.032283453861176,4,1,7,66.17309256005231
8.196081280996282,60.09517541731037,5.784554086503688,88.41556784368866,74.35442696372945,4.647842059375008,2,1,6,87.46190588952261
0.8542637815227478,77.10766356761027,6.581952129802906,35.70112995380741,58.07371397973519,9.97513745661896,3,1,1,31.30109758727187
3.8277075635251356,49.276682197879296,6.3830599947642765,22.956318884027223,38.81330810022493,4.935003640726166,4,1,6,37.90842150742975
10.138503731633454,51.44194491447489,5.679488702821284,75.59815312630717,17.076028345038562,1.7839825192858105,1,1,6,80.12746829172336
0.2792632288299104,85.22896119445554,8.874026256495267,82.0707696011865,22.683710232549515,5.130694228634381,4,0,0,47.95805269523673
9.77362179106723,61.24936614811075,4.017286846943529,92.58984244635164,57.550101846905896,8.140167355199301,5,0,4,63.74983137906831
3.382257297280799,85.88662383628468,6.539877206469618,86.73772955662331,42.34388048997925,7.768603268982814,5,0,5,49.31639356726682
1.417977931459875,87.56956615677949,3.43428991869588,65.0401076154811,51.492750886067206,7.88581765108471,2,1,2,46.05187866313921
8.360845984369808,90.02936363628987,3.4980897521453684,59.75392544092856,17.067743530223368,7.080237839979118,2,1,0,63.32147843657288
7.547314161358608,94.16446650888452,7.017060947739674,22.08807884469397,66.29062523445658,2.5421782906668824,5,0,2,59.926856794708705
10.529664162324636,60.16896543593074,6.962128974214746,38.499233513358334,85.2538740855967,8.620840858402314,5,0,7,64.31416725645654
8.820852525646629,52.32067728247972,9.146234589911199,54.471106379969484,25.79395067869006,8.93443465376265,3,1,3,62.9822641080224
9.641771164618183,70.75391226158797,6.905115729620512,67.13779250626759,49.15142258318266,1.9415269661854906,5,1,1,72.13289254567465
3.384414870855678,55.98206964063393,9.718537142833952,61.7938874988808,97.55273290209018,1.3045563655139392,2,0,7,68.38511245086022
2.129274525356674,72.07519167601632,3.3408639387995085,75.69769922612679,33.32417405507277,9.75604968589112,5,1,4,31.742217336638618
9.0073770196903,79.39101038506772,3.6860537934651876,40.98251981652807,59.50463449237612,8.683239636503679,2,0,0,47.08314338537624
9.682016871207168,78.18835129444957,3.3084610309926696,62.371445573935496,9.019570020024437,8.932361472099467,1,1,1,48.75964458340945
11.88606170400808,56.218702091408495,4.29693795233478,26.61066825430941,60.601500247944315,8.863763846243952,5,0,6,54.410279147779164
4.951412122937118,41.6802141189127,6.788890776591747,51.024914268740524,8.963177330461791,5.416868240337283,2,0,4,53.62641018035171
4.464217029513398,60.13705369235453,7.519005269991996,76.26206247159507,95.92354353238221,6.4640173666579965,4,1,7,69.15835897537455
9.316955528903963,39.981590085733615,3.3190961056406816,72.0050640071783,71.56626520723114,5.453628521336417,3,0,4,56.50019342364693
4.089642483036214,92.30679246286658,9.621796228919195,94.29820528791342,78.81597881357064,0.5120634919032907,2,1,5,100.0
11.169087907242776,54.21142225165002,8.895157636552668,40.8418344490817,70.41043607716368,7.4550308535277265,5,1,7,63.96140587826285
10.300953022116142,40.81218230563266,5.0762873750996516,57.364197438048436,58.97290360764658,5.053320333358803,5,1,7,71.61793650481552
5.14792832850022,31.781343193402563,3.5403127115852757,44.71478103304975,44.99127810855054,6.477090747902298,1,1,3,37.83999342528102
9.010452813497968,75.2075670400539,4.189209512533401,53.045233554438106,85.83733797610624,5.026398049755353,4,1,5,72.80885406061945
9.054514489016189,74.58316222183203,3.888610896284809,84.27125974020412,95.6835667543063,4.91811322322456,2,0,5,85.51819130672123
1.2374864260311913,53.84229166069042,3.862986455092628,71.3156806391365,49.90361729040813,1.7178910947776682,4,1,2,51.46652234473729
10.8306348801548,35.01983221933557,6.629931820660138,86.18308935106863,93.1535049155262,2.7871371514114895,1,1,2,99.35406020914031
6.063028469374286,58.674022642666245,4.720932097453802,35.26333312489149,58.33329099885175,1.588526919439558,3,0,6,57.860931895745004
9.917489593292899,51.78522465443755,5.506978015704011,85.50208383810785,53.83841868964332,1.9566629562534243,4,1,1,77.20507972888971
3.840595212367341,77.39844478145065,9.926537333690257,24.48217056337883,45.44827329553567,9.729773804203049,1,0,3,29.614223073678787
10.746278741954406,72.40454746168832,7.790199742477413,86.64494603278644,20.928776153011984,1.5311344577219843,2,1,7,88.2675423624571
4.670420144809958,55.5215609738278,9.64286466932901,44.680533459554596,0.37196608180591895,2.6927042430520762,3,0,4,57.15318818444189
0.13005181776358032,45.25247879784931,3.9978958852318094,43.594072506054985,24.150622685606127,5.90589657738585,5,1,6,22.887310146824962
10.864583717031163,99.16251763089143,5.674976323827985,58.406643252399796,50.97231716035652,6.1017857623664185,1,1,3,76.68159832371383
1.0954401214336027,61.780113483728044,6.8831226229764795,90.55176407924239,37.99599522597526,1.5397412974382907,5,1,3,56.047172581493804
3.8317636510849784,78.17919650461658,3.537306433221166,23.5836023511054,44.84852280026338,7.937174257852123,3,1,7,39.354624561463545
11.400743604609659,39.838707730485254,3.029312105395705,46.4173231303059,98.06482195640496,7.85202867912825,1,1,7,60.61424801776922
11.407285763250673,63.991278976157844,7.693040336578423,84.24289915125019,35.027237066932756,2.373177042038911,1,0,1,97.48251170025429
6.881254657479433,31.927570390862584,7.492736617610047,49.70408580766001,45.21829393601079,2.8866630267546043,3,0,2,66.38722624070209
7.582046546037591,65.3818582537315,5.8755216699972825,34.936767319780024,13.351555135281956,9.37987865459497,2,1,7,42.13250913342204
5.381346263739838,97.48121849823916,6.427508532224229,51.85956359985588,4.795773243698765,8.25671445979478,1,0,3,53.24508515259268
3.5185292603767744,56.89446990900602,5.908101004144627,48.916437611875196,77.54095145924947,6.977970330625238,3,1,3,47.656526897988115
3.9439745444389915,32.72972088024381,3.168035313914222,88.65621511000276,57.06831750719786,0.8223322151060053,4,1,3,55.6803402774911
8.07022147292446,32.16690536435405,5.347601243522237,77.14507818073228,76.0704806043895,4.182640809025758,5,1,0,56.16599454551436
9.02849435325216,57.159073196280865,4.239575787781028,57.883666680800474,14.986279888655163,5.593018720768271,1,0,3,56.020023460353656
9.498948524710183,41.20174555242358,3.688969323709581,94.12779250411783,57.18287711826909,1.8741128798377693,4,1,3,72.73771874310441
9.475417713534647,31.634646742973015,9.697043037225448,54.89581484569425,25.364247434137553,4.482265821082246,1,0,7,76.96244739981418
1.0944732365842844,82.93495297651238,7.195518075295159,24.367837311520642,22.806181690001992,6.0102587748869,2,1,4,36.13008803071471
5.933043656430978,62.096610621732346,8.100593989656218,39.67057413612387,1.1526014052985256,3.273766801153992,3,1,5,51.62047823476597
0.6907051201997314,50.24713403808582,5.207546202862822,52.70528601644845,13.034072356907188,7.809448189504872,1,0,0,22.166562371356868
6.594346587884827,93.00582281115365,5.752029906458106,31.76769681095901,30.926811149969534,8.404495816388055,3,1,3,48.85550245266696
5.298366016480524,38.12972721403679,4.658467957277065,91.06738447430322,11.687876059093904,3.2360946943407076,1,0,5,58.77040211053634
10.652450193099597,96.91431802687235,3.6787596967579734,77.51366733633299,98.58584404109375,8.386571544924571,2,1,3,70.40160590035424
4.210980150624945,51.977670216414694,4.253221462091087,40.12154003208295,30.863264852395066,1.0357656610301502,2,1,1,49.046152434505096
1.4048041971312704,92.18825706160769,8.582598317075401,64.31034001384369,13.032394670232817,8.377290986226564,4,1,7,43.982605507112595
1.7159001846340303,72.2060013535623,7.742820636286431,74.1086867832179,19.908231282795775,1.527504316676166,2,0,7,62.2892898221088
9.138127580609666,87.86951518190412,6.828502131898338,90.59591966800986,58.77032283414765,0.8292715250972604,3,1,1,97.59126270336587
7.418616759795133,98.8809214247325,6.325629110067377,86.1226511881558,6.404352386478851,6.417754044410112,2,0,5,70.13732138494767
1.213472113473483,50.1883806473122,9.457039985592871,58.63941696036603,86.24341301411569,4.719373657552943,1,1,7,62.76796204982294
1.0092816733799692,97.2794839785315,3.5091446344506787,78.09894648447633,96.14996792371473,9.078906004128328,2,1,0,54.937296796365224
8.41162957750944,57.263732643169426,4.964205692665412,62.160856537068874,24.674742066738087,3.631891960908492,3,0,4,59.85276821005632
0.8731560763703223,56.98583333158456,5.449564974994998,61.45279175341551,45.00952685908594,2.8715226343762867,1,1,0,57.96320125797057
9.862320711484275,53.8270972978154,8.476980685489515,28.605646875364393,2.213445102949707,5.0073490614419836,4,1,0,55.01690922600499
8.474906725877954,67.89853251433097,9.947602341133798,29.460324351211405,64.07102247272215,4.559461857686613,4,0,1,55.50149096837754
0.9761853677027972,40.790153022494096,4.6846936033000715,59.715021126684306,41.39260580525889,3.4442804621718826,4,0,1,30.41991012459375
1.018052569022303,68.75980397506078,9.120151338959564,40.1646158734255,27.005846610155572,6.9374129869832855,1,0,4,33.77159213584751
11.839674942014106,67.91933686870027,8.81435932302254,21.577767684535146,20.683711061660848,7.595618339139083,4,1,6,64.33599869589052
4.491249549073444,83.3331268823409,4.572601783492367,74.21294029251592,65.40230776587605,8.529839690301365,2,0,6,63.23203019082944
4.447705764802691,88.35549733563099,5.795328061394558,22.43649475176237,41.62170310323145,9.728566047103428,1,0,6,36.1959677039065
9.753594807090032,60.83089452186968,5.867710085047634,64.64576308280408,17.9659289029912,2.6665619213250444,1,1,3,67.12360340758117
11.366982928606305,51.16332745460456,9.847544679685909,60.43953455954858,68.91090814868241,7.160934824899615,1,0,4,80.08648592870564
11.83201276587445,48.153442812196616,4.266243309652288,92.66110179333533,56.507228303669365,3.9425823549574526,5,0,3,72.32838676725699
9.0405382231073,43.623668569341035,8.594105797733475,56.315985451073125,85.86720549294962,6.770819719511081,3,1,5,66.59260145788731
4.515115026370989,34.035330753931746,5.3393489992117695,24.7701077283348,11.74758988764929,4.7598169034922035,5,0,5,28.080069801055263
1.0020086003840252,53.97135851842994,8.116092420433123,61.376597585484625,78.56666019444562,9.937731027679316,5,1,2,40.84851844869139
9.325762991129242,48.917338449154826,5.94007703006964,83.08221279620761,67.3516786817259,7.289021357907499,5,0,6,70.18404376343513
6.700850996829661,97.64921701064851,7.048518341815781,94.763696321108,11.501093682809781,9.524913004343246,3,0,1,63.729746436214825
5.090664110963715,69.03961783750307,8.828282413282917,52.275738026680436,69.48207298717207,8.349695494811858,5,1,2,49.85582632067964
10.876252621136832,54.30939273213553,8.629158954887188,44.022405687255684,44.15472888798304,9.02901011163371,4,0,2,47.254511915251186
1.334369787673816,70.63273206955873,9.064962284777902,87.99899727139992,94.49847855558431,8.14419197214675,1,1,1,64.73055438510953
5.91150125149031,39.74376909419868,3.417321277412613,34.34315968070911,14.161135061789931,4.591591303759114,1,0,7,44.901321047190706
0.13624373720902883,61.08306244415421,7.844353871278214,66.1571686274695,64.2833390815738,2.5178845334688438,2,0,2,50.691785974516584
5.623927703929516,73.83640249947447,3.97991163705234,50.42858181357108,38.1980045462946,3.703201754505222,4,1,7,56.19276304259354
0.6756393081820482,64.2228482254716,5.910729976128877,23.081177371666648,95.68146705908778,0.20236232639950447,3,1,6,58.33789155447541
1.425814995216863,58.12451604580269,6.84011890538282,46.04663557292733,32.997489529027646,5.239931674646671,1,0,0,34.35773962562818
1.4103149613252586,99.56938722297888,5.819176393227815,39.89213918770059,96.21859094918001,5.050578002704087,5,0,7,49.00364888566594
7.790523625392763,91.62203335042489,6.637281730621052,71.45683654576152,90.1485851100749,5.252504648304882,2,0,3,78.16306744599278
8.952538551185079,73.6384170711608,9.975684161590333,91.15928732689386,27.038323531065632,9.740312249720638,2,1,6,83.44385311684954
7.000425181165916,69.8564152827598,3.946521195989983,40.10353905339783,80.35417768264277,9.114540034548392,1,1,7,55.7163423064772
11.546070581694503,73.44623358772088,7.728192317354979,80.85994543637614,99.56042018035059,1.61712778330108,4,0,4,99.61809975284966
4.498446954284448,44.091847547570325,5.772006764699307,24.151986270380714,25.266300217128233,3.688825215558892,2,0,1,41.86950688513328
3.428545035382329,57.659642028502304,3.9310685923513016,60.35907575298599,43.67771693233197,4.239561794632619,1,0,0,42.46079483123374
10.423189538273522,32.762167302362954,4.1111573436201665,25.29125477824209,52.018073656675966,3.6053291785164774,4,1,5,48.6541534845793
2.6831500622334317,63.28822262407787,9.64491174371932,90.05247433479795,29.49311358038643,7.984959636039131,1,0,4,64.89617464381888
11.558670473287336,68.01172087703642,9.157210476982334,77.47634604180426,1.526483964602976,5.2403766986758695,1,1,4,88.41061336421562
0.1458536962777961,45.94248152722467,9.349293722905152,69.34624334034442,22.012924419752665,5.720998169716251,4,1,7,44.513262796068055
11.63854592049167,97.48201930158596,9.940729430791706,81.79222862184983,28.193688434175847,8.530135589879254,4,0,4,81.39536121453975
0.5179189434069134,93.66182276560694,4.458207730059626,68.56398466776224,44.35997013181871,8.059281534153586,4,1,2,32.9207473615965
10.693717364376853,80.55002648191342,5.488075361548432,92.67082978807184,17.110247841340186,1.3221152282029969,1,1,2,95.62950571574709
6.332413309035598,67.33706401357537,7.684533209474067,73.54684608985787,87.32543566916726,7.139145840836343,2,0,2,58.547909717979934
11.915577553431604,90.89784117533794,6.386617779024531,89.3493957186685,70.4911132731336,4.354361289020355,3,0,6,100.0
0.8855587768247863,39.1456640676424,5.928726733648334,58.78489190079785,8.520047755966198,2.9464890306250044,3,0,7,38.16082855331345
6.646251412815849,85.33568559924194,5.5046787453491515,28.779830973639697,65.00924511399315,0.5001882090218635,1,0,2,59.196605876309235
11.631630427429187,38.73745697767938,7.156464423604166,59.61332910672628,65.36564764056205,4.87249560345451,1,0,0,76.33292885050139
6.277174130041786,85.59474637845838,7.029154000480574,29.515462104732,95.62211736436277,3.554366807245314,2,0,2,74.16927590955336
7.55278365762315,49.30372977759499,4.13020483844968,64.43701093823037,0.30208713561612477,2.5151303967640084,4,0,7,60.356025790097505
8.348984267815407,91.39634067127322,6.302178862629074,56.18697953957472,24.79324498058072,6.9467172959695755,1,1,1,63.46566132429386
5.454492777213279,96.08294656777785,6.87430243346895,66.69315483745862,92.77914793753155,7.69485387315587,5,0,4,57.08548867003237
7.530696961008761,40.41571785835809,6.992008571119733,20.75352357911237,93.21339153982831,2.447895190294248,4,0,0,51.09940274127345
7.011771743077203,62.387292354577546,4.470750350386463,34.61303687415231,72.05864193706374,0.49447436679347256,1,0,7,72.05581877285121
10.813896125891867,98.66911647138795,8.195899745766008,56.84978239340982,76.576332104754,8.48752700565235,5,0,5,74.09973617592243
0.5453565640974944,63.83852051812026,3.176393663747487,91.28776711918512,9.148295792964712,0.09959741204303318,2,0,2,58.318609659059156
3.371558275106764,90.44832657601816,5.483822988802139,48.77067802663688,51.38758347782336,9.37112493921472,5,0,5,45.23290671065266
11.404937808918705,71.21120654919238,8.461488539749435,51.8279019540226,23.15829912889994,6.276198739827059,1,1,4,70.79924096579333
10.683165406690996,56.27309355437213,6.947250447387816,73.60220667549666,18.121804361361725,3.218466352013203,3,0,0,72.84163914856067
5.467881033428555,50.00484888681092,4.828137027576021,65.28445679645885,81.03032991233326,2.464779095767362,1,1,4,59.84481313831405
7.441591173618441,44.22561637602611,7.864671835401334,42.41946125737499,13.503813668054743,0.09005664264475244,3,0,5,59.853785192711946
3.328574195773592,83.32587339643881,6.971736609092513,50.811229667557086,46.86516369963852,2.3547141701087715,2,1,6,70.51263116655726
2.2574539166851357,57.05783547761195,8.573705266194711,36.327484914292434,93.8578239586033,1.377283015171411,2,1,0,57.07870151097328
5.564380859279786,65.78928235405257,8.145176303328764,92.45160943476564,18.583205556534253,6.121662207231457,4,1,3,58.28817911390619
4.240226736312634,64.46278360008273,7.270755454253642,29.797578616801978,97.79934237382346,1.665455885938013,4,0,6,64.57402341357269
7.003873342210465,70.40953204631919,6.417243727175698,47.88775884248146,99.4287985761059,5.286298375366193,3,0,0,55.93741077412603
0.932815643579818,90.59040019371866,3.932274879672664,21.93792291650084,55.561715468240294,5.901164223444708,3,0,2,31.64675355409725
11.692737691993997,98.65175405084005,4.829331125197687,36.633461895015984,17.014274017715792,2.980416983469145,2,0,7,79.3604387520667
11.834528933755234,58.53089460016719,5.933696310419597,78.53533537851162,31.610488794089562,0.35064949018718705,5,0,5,81.71260348536481
8.37794056823694,87.92632454744121,7.195095009044721,35.08814242166596,42.44928326765351,0.372538806141961,3,0,4,78.09967192399407
6.433156396129444,83.51694562583023,6.595954986507134,26.00475518967242,30.932422435822293,0.26347332193917605,3,1,7,70.48602632334345
3.714331395435933,70.14702660189013,5.017291681716706,55.583988488339244,28.063557987651578,7.3912466713654625,5,1,4,40.88793095860905
9.765540236483384,96.92330005283532,3.045250504527974,20.747692605088886,97.22297092163575,3.180097048142981,4,1,4,64.79911491512733
8.21677407064655,44.0332160869882,6.473674553305697,26.357461581974988,15.336482741574564,7.963001859676636,4,0,1,25.933356134981153
1.9514032721386956,37.6484947216735,4.9993819199357015,80.57194021722313,73.33279087168623,4.317328238428492,3,0,1,44.158693098155545
10.93112621392611,89.77733768687955,8.142258104973745,77.86050086447048,0.041028943917487126,4.529981008299639,4,1,2,79.88581423238207
9.870446915078027,60.74048716436238,3.1676238568933845,88.63541153036721,59.61826694023769,5.128826025095737,4,0,3,73.66478448723554
11.397598959503089,89.28781979449423,7.093794679140536,84.08865769330622,91.59430039540524,7.130314563751039,4,0,7,82.00520330807353
8.70863410066032,92.51631436367904,9.590319662542457,71.23816724298635,28.793409409321903,2.735028658297071,2,0,1,91.38200640145291
7.360982351229478,34.372031553335,4.220864869780497,23.924964297549714,18.55259752577192,1.215873495335269,1,1,0,53.92475630838749
5.0189164354874265,91.84253340902424,6.301546435254167,78.7136463489993,65.1679794878427,5.5605733519146145,3,1,6,71.05505225166974
11.19274180024816,61.38233387585955,3.639953942719967,83.41331081304203,71.26014072983932,3.2697762324273927,3,0,5,89.6669979175304
10.3927666740049,65.73027423029626,7.379773385829468,79.93116093289657,68.80305189519814,4.424913136680374,2,1,2,81.50001140493026
0.5426240412742729,73.86147577652471,6.85372176417358,58.135927648101955,31.931688002137403,6.469467083373054,1,1,6,54.70302495402857
0.31640369396702406,94.84678247110607,5.851558669489826,37.467637898711125,25.22024021593309,4.941257411412706,1,0,3,35.52915898311011
4.517560402536596,31.33812661008348,6.6496391503161885,83.3997481766545,95.59187999620443,6.202788171008429,2,0,6,67.4289506852739
9.726639969381996,63.3790427822472,9.276022609283071,74.5372107305104,92.32995082699294,5.442000021136279,5,1,7,79.93328045738171
11.847313551779333,78.14054297013925,4.3740601161774695,93.55708807916386,45.731660989282034,7.397963719360991,5,1,0,79.20105588298226
1.8050026932423382,80.589487038876,3.1579515819374304,31.676944831694968,84.61938661543734,7.0593661771162,1,0,4,42.45113751440316
7.129568584225622,78.47727020759756,9.031654192893708,36.92484372890413,45.2323477634296,5.341898918086192,5,0,1,46.04322990925277
4.570690279572258,39.410459058568534,7.039819576715345,35.8848612411127,42.43890180725104,6.789030208597069,5,0,0,36.71794623143729
11.638972773775238,50.95769118601768,9.234609188232897,79.44048257160026,15.676294759929466,8.735596022726128,5,1,3,74.23131184584389
10.105427077628505,55.110086779190944,7.178616563892208,34.018047233758864,42.64060564919728,4.322712877881686,1,1,2,55.82095631681961
10.059944456533653,86.31060453756535,8.671127629717917,24.999487236747957,53.7416938599807,4.1276307274879365,5,0,6,65.99549113140652
5.624317917539644,49.51319106901871,6.007713543486036,94.89206049392214,2.2504327428686466,7.642456208523801,3,0,0,53.42133225472704
4.977834028051982,44.74934747070422,8.249019519017882,21.861290858386187,44.41130051754064,5.82553837041994,1,0,7,49.738252707770954
3.280884863168475,97.02136133266673,9.391290268228992,82.64330451191492,78.13562183952003,0.7100678022258855,2,0,2,86.13808621707359
0.6765059598111254,30.62042995794282,7.004860746055444,47.40251311629896,68.00460563742699,8.921120156910813,5,1,4,29.729373969350224
10.376668515060638,99.84745989773847,4.265496053936657,83.12115948183614,63.5156988863935,0.30783102237640136,4,0,3,87.95322095109168
9.75481210956093,77.37749092001769,4.881583305211388,61.596536840835874,90.95554284372025,7.483963562097431,1,0,3,70.388205681484
11.996612079433568,87.9928509614382,4.390512038281841,87.622342211477,1.803200982523001,7.587941427043129,2,1,6,76.95546064762071
11.959642044886865,50.62335774423352,4.72799919317013,89.464473981097,55.70475861922341,9.531110852819305,3,0,1,65.19634083132546
6.665180467231529,31.0020694366942,5.144908145457254,20.6823635960582,78.73488484097071,0.5413440840232076,2,1,5,62.52607570938794
9.227848982166126,81.6508662993071,6.885936507272319,25.65591319945912,54.13353827012672,5.96856860784491,5,1,3,60.82360949195625
11.337188758589136,88.3901217900473,7.115941406246829,38.77690471781416,32.389555258037916,4.278405706270529,4,1,7,78.7105299752577
10.195768688128938,81.83332923674634,5.985498230693028,70.19865622726263,13.625056509197787,3.3063295485954205,5,0,0,73.00821238543674
2.968177220918372,39.9995201110587,7.307945458745848,86.62041473836295,88.75630718161914,0.9031856029907304,2,1,7,84.90830418789872
5.406529623721122,82.73995455798783,3.5710244792795613,54.495646347047206,47.076239238760294,5.626541196713092,1,0,0,58.68311065131144
1.5499129818179398,83.82459474753486,3.6145176594071198,65.5229837205699,87.81151969857014,4.790407256746136,4,1,0,54.00340382520333
11.44861232710467,76.09783609690385,4.202806222503609,34.13748895966708,58.58521224331683,1.0455445815102427,4,1,4,78.37013176616425
7.2740956134105605,83.62811529569103,6.626542486282413,80.3725125411264,67.41921166150007,6.124895070970834,2,1,3,81.76029618836083
2.7437136660415526,89.21450077744126,4.497962750888195,92.54960835151023,80.426115437845,7.379531202529384,5,0,3,56.167776053447085
8.06040821287028,72.95228799662209,4.982990824448041,40.144919968594806,65.91555446001344,7.672783010536483,2,0,0,46.8618109195364
7.41753888549475,36.20232997787753,5.802189853210958,57.111946370040975,39.80548406789377,9.053731882624273,4,1,6,50.88777391287991
4.297952616394086,64.13394667670477,8.683062868072659,26.458708287978034,51.363338392865096,4.094707418887772,2,0,7,58.15116925707304
1.3626911063955482,35.435453427012355,3.097034951390021,61.93524923472263,80.30455246758798,9.53072768622137,4,1,1,24.561948925843648
8.058878347113595,58.52801217227016,7.545651741656357,57.70875813850104,37.36502963729842,8.654294050826861,5,1,6,55.0600535143817
6.24369241084552,58.497454238793935,7.6821357172847975,30.832736311630818,38.81214567684971,2.96501571023939,1,1,1,56.17037032365911
9.267820700827672,34.62068908981691,8.590590462496456,53.154965983855625,9.569011605800116,1.5928303734945848,1,1,3,70.63358044792979
6.241962013343921,54.41743737786355,9.529270573422192,45.05784890649224,91.45844352217478,4.353893961280134,2,0,6,75.19986262933662
10.226178003822481,37.769866915392036,3.140964942645029,59.1373156478892,9.103631494544173,4.0189870795596665,4,1,7,65.87385886128938
6.622882065293826,86.57646470064554,4.076485938592514,63.92407515715994,64.82091774485559,5.757193053312043,1,0,3,69.38797577341107
6.731255658424635,96.33816181751295,9.203199058391952,20.637168395540712,41.31944788027977,5.83386232327748,4,1,2,50.40602338071968
10.51984323190014,35.0621532680557,6.209629935309108,77.07544872121665,40.561939025544234,7.499869843799752,5,1,3,59.607168560608436
4.8417943945487645,96.8580645104191,6.952134472534245,73.47607188963056,67.95518365726839,5.098899482056102,2,1,6,76.40232301046456
1.6081827414076888,66.58036195357215,7.641190426062032,47.47147896548917,6.709373262987873,1.0482264094076554,4,1,7,51.66594525561706
0.3453921157600677,50.96959745677117,7.753466231469462,23.97019516766137,59.37057829514346,8.582913355531062,2,1,0,31.732418258980623
9.061647068083428,35.38034526933144,9.522182823215557,76.61994048387878,77.20317859723548,3.097645831851871,4,0,5,82.29243997778204
7.443714616241576,65.04369876492925,9.978645921881688,91.63813703585993,82.82127578865942,9.71297460306592,4,0,4,73.07968159875625
8.448957217190683,85.61608811435241,8.041102226516582,38.01136970165106,17.05303893937753,1.1786010867977015,5,1,7,72.35317394322732
2.555569938106929,79.49605340866887,5.010548464436056,44.26434603027784,89.74190500781737,9.582511722325032,2,0,3,41.78260969338572
1.6364577070412372,33.51582080247816,9.158266816060404,33.785966711136126,65.61460918474422,0.9101180688251698,3,0,3,57.76915254730367
0.17453598801458314,35.103128475753245,3.3445464017853315,63.270209250862976,88.18548008206828,2.310361379470595,4,1,0,38.890618985811436
4.207050705679164,58.201129784284596,4.617565970121474,31.61310459855912,48.52807171101983,0.4657994208654159,4,1,7,53.53676172062957
7.079012242255597,50.67033458335603,9.281700022246003,46.71454575960346,54.2033345097202,7.05113146638995,1,1,2,59.33401471048097
4.706928541196788,46.26690261392335,4.793340601075485,72.27597604506971,91.90382770286712,8.502987365717917,2,1,5,52.78145662702276
5.249699064284749,49.67031492360995,4.544557417352239,62.00869872570113,89.99095433546718,4.340710818159804,3,0,7,59.806048946282885
10.84990433392498,86.24379203078192,3.9668770519817307,48.984692324595144,44.8160873369002,9.285220750424298,5,0,3,48.53595905065335
4.179065604279604,95.04596375422977,9.013782303528416,51.518720135565644,27.441263163568173,5.902990717555996,3,0,1,49.47472123806128
6.167873869917729,58.35718861692965,6.500407814337607,62.15831619674221,39.31704345642642,6.300071354465232,5,0,1,46.57656695118598
9.403836152893717,93.42777014927479,7.7242524213790835,20.4398545915371,38.77643285297497,8.4541920170077,3,1,1,53.48291477227422
4.758513387855242,52.50469908735174,4.673464688525208,25.88824013402074,28.686687498279394,2.968002050518389,3,1,4,41.3068557363298
7.465040402734482,63.350589044065416,8.306282947078515,86.09435508222587,26.857960433296657,3.542657213276258,2,1,4,88.76666483478147
10.348364504960943,45.82202984711998,8.32003881473469,25.84092418184681,86.10629364797194,9.059519191946443,1,1,7,65.43408266430701
11.394247483891705,74.83332295230908,5.188186174358101,73.01026971578789,6.986192068466169,9.009634960387638,3,0,5,67.44255575742534
1.7648817711484552,98.52867806223662,5.87477843107198,89.00286230817895,67.76111820995942,9.764827762008709,4,0,3,54.07039115511357
11.119051501937932,72.2445167230365,4.467831942011406,40.30127032262983,17.28200514564523,9.018383164416711,4,1,3,50.46614201247864
5.905395516954458,55.04698588794842,9.83592716326033,47.786857779463574,34.45058933940632,1.273720360333609,4,0,3,64.46931875338646
3.0989326595875,75.34722121933699,7.519218039408881,62.669105438353725,6.154303413483686,8.237242861369873,1,0,4,41.82251569826682
5.509629074859136,38.60444749257713,9.54180716500861,86.12817272289385,26.997363685546205,4.098384781095941,3,1,5,74.47623127892561
11.760390903425725,92.2061356185779,5.123698805403932,90.64291904453151,76.84210711172422,9.908013559459379,5,0,3,73.0836790037956
5.911417127914435,65.21587655458855,8.47323639097823,75.46724360834511,88.50153245472586,4.722809643288011,5,1,0,65.22119536142324
3.9450193234500985,61.45448194277495,8.361010507193194,26.496482064102054,22.152715190236705,5.538360825022206,2,0,2,45.52018461785957
7.600810251800709,71.01053519174634,7.84158956306579,70.1865616651138,46.354783925892185,5.297749152567985,1,0,6,68.99421703321087
2.881747425338317,73.73487039525817,9.759472826867603,50.77277914044966,47.03240479372064,3.217370298582778,3,1,7,75.25177162060852
0.910359937303967,35.02430643585591,5.754887352744209,55.30257496182962,87.35753057597341,0.7502208889291817,4,1,7,63.20252464631828
1.5465566629277907,77.78320548563818,3.915021265128301,23.686129275888277,76.27990528758055,8.956512304019185,1,1,1,26.50545628826851
1.5365500674932693,46.935217622087066,7.701962014708426,34.32966045097686,51.30772183680499,8.026758125262868,1,0,1,37.23361615452895
1.8228323221475322,79.97668427546128,8.105168603340443,79.28852056502359,67.07472004717734,1.3952678055966927,3,1,7,74.08972103012852
1.6659260717929216,87.57743560689377,7.025424014211703,54.04691247858948,84.73550539093668,7.7676827135007285,2,0,0,49.72093721759976
7.690496937638575,86.27709552867643,4.4477252519337735,42.62466812233616,0.9538954025544943,6.2584666605061,2,1,3,52.825508289666395
2.182561012789738,68.67506771855224,6.531191591685488,48.801430547371865,40.28900310500486,4.0914378791762225,2,0,5,39.98980507293162
4.1480073998863585,66.41189246175259,5.185328155983906,84.07996349942601,90.72431672770787,2.5402114909556275,4,1,5,70.223547913145
10.761460918872142,40.00131729375882,5.992265697166824,76.17492630537177,74.03130308439513,8.597287835022325,4,1,4,65.79538588084327
5.687539683154468,84.27423052821949,7.516530030912647,40.4236547885812,54.284137433407466,7.001882592940531,3,0,3,55.5028556381143
8.010692862252327,48.99865663127001,8.216503198835841,28.812638015928,52.964452703513345,5.477399094691369,2,0,5,53.22554903109158
2.067838454419558,64.76867959725627,4.625572836309402,38.89986662330538,34.777009760443775,6.095685338984641,3,1,3,32.636015184917575
2.3074682257040493,49.89918650492617,5.837277524528673,89.05673382910503,52.052053364151455,0.9106618208218098,2,0,1,65.14138266740555
0.49042339519774636,39.367985409978516,4.884130996941405,63.619162838731654,65.53831994634533,4.739197609111919,1,1,6,49.91460876318283
2.0272207568659746,74.06903878242156,4.390421297033084,60.011015655858714,41.83630384287931,1.93700292785702,5,0,6,50.11436806786159
3.3430840683835035,33.80324243760327,8.483710539970868,64.72951997693461,71.4153146392174,2.0838367900882537,5,0,6,57.31449149929686
2.124125811320962,82.405166388834,9.364768861058947,47.452119930988644,86.12322272603859,6.613039622868667,2,1,1,59.94966544940506
1.0644304050846674,52.231075668278166,5.591625299792037,80.53302652396346,15.468484818486116,9.112561518342881,3,1,4,34.832695324916784
1.4476304532072097,30.009428510313974,8.258952470616368,59.246468697518736,45.154702281742445,4.0375661047834654,4,0,6,38.113222668198745
5.529345216392709,65.77903974660609,9.278967025550877,28.756092707659665,40.80200912850811,2.0774927301219037,2,0,1,54.834525574613494
2.47600462086951,33.27963359693222,8.922869473711621,29.67988436217972,68.74648040497281,6.487469372366542,2,0,3,38.14530532319593
4.3712383325769055,49.33186904746296,4.279693719774581,60.26443598769637,24.986746525792935,8.711870463503178,4,0,6,33.64466829449863
6.041007250258282,79.48835412190013,9.69404317059353,90.24276635531294,64.02509149522763,7.483188011224908,2,1,0,72.70593842969119
8.284737943552383,34.38827351353061,5.636735083006237,43.1264091257149,87.74892417314881,8.687572305365872,1,1,4,46.73099791516186
0.47174567809318724,88.75369446492016,5.374684628216855,85.21558766444137,41.81315997936227,5.365546710107994,4,0,0,45.643023199261194
9.592924786908512,30.267394586100817,3.4370192909444626,77.30716899341596,91.101569997922,7.518762443691909,1,1,7,71.1691124107513
7.534804673890893,47.277670844133155,6.403215578734181,38.58593321801801,99.31637389334784,1.4006455935893647,5,0,3,56.429798835619856
0.9811083833864629,81.863283930645,3.763095309486501,22.725556123718185,10.609204994795206,3.482746153631915,4,0,4,25.833274278503783
10.482943489281327,52.138910481051475,4.739778746491982,27.638544885678705,23.305318798485864,3.895491644815224,4,0,0,40.83825908815557
11.050468806381758,37.13246716462095,5.21859835237097,74.63704503855801,95.03797514820931,5.112957462460345,3,1,4,77.07074959309367
0.732935518258365,55.216374316029956,8.661784264441788,34.9752303530485,95.83276864813868,9.290763602568237,3,0,3,39.73139942178933
3.3225317777664447,48.927530046916786,9.128420552771276,47.84531903790453,9.77072753867585,8.742965602221743,4,1,7,40.856330083774616
9.674415357516736,88.98983315123884,5.117264222230288,57.627437450481864,1.499850037713668,1.3452549228918453,5,1,5,66.99096213973749
8.9791162846039,51.93435423096002,9.010886848712017,74.41011263376221,16.110002325642224,1.727896518824632,2,0,6,84.402595704553
2.214252232276528,85.2252730243205,9.000616561588537,28.492341744434405,99.60127833822483,3.576405495889113,3,1,7,69.89329128244758
2.5121918800405236,92.43105013675142,8.352556652694116,50.47748039580961,17.999961661068685,2.907438658906739,5,0,4,46.347571599252
4.445665233496584,60.36721937035706,4.026865798106271,56.380468185702156,50.254760672202316,6.147709531562623,5,0,6,37.552064321458516
5.814275822292256,93.69602006980745,7.832259928305103,60.56202979786548,84.8417726430511,9.02776047764545,3,1,7,69.94090690754193
7.4190572583635515,56.4122637774235,9.615168452063982,81.37704810464126,2.040161068820634,9.622915416725867,2,0,6,61.20983246359204
4.426963674837269,97.48548915430757,7.7777833513701,32.87586462824127,60.44889822584595,6.536029525352265,3,1,5,62.75184438680806
5.550416593597775,36.25026671679011,5.3213179437548375,80.58735888699667,27.702544886962432,8.381592014010867,5,1,3,42.463708519634025
8.96965125760508,78.091348655227,6.504055222015819,71.96588207724892,86.23349164397315,5.252022002307971,1,1,4,88.98689640516753
0.4401984346871748,64.566982831985,7.520075303457375,61.69031106492195,28.346114926407918,2.083269468600397,3,0,4,58.054935283376864
3.029243332128249,57.1354163818953,6.573992861099525,72.4645902801929,68.67557202819089,5.246884120934774,5,1,5,51.50557612752179
8.56019503061463,74.28983151240206,3.839670592116789,50.901330421374226,67.42196324473969,5.550826014376511,3,0,1,59.94301483919239
10.742482052246391,79.26999641440318,5.184448312564145,30.379818947609344,22.149354885964,7.424575642135566,5,0,5,48.13080336362789
6.140129305387994,30.305428875521635,8.616772213875429,69.93239301990255,3.4799199868350117,2.198829897073491,2,1,5,56.17545251741443
6.385361823183787,41.68671621230391,9.029926322668622,59.35042300142167,40.92495737853973,3.6831038208673172,5,1,5,65.37069852206571
1.2860641360773126,79.91322354440231,3.9611002290089914,67.95311004070817,28.91931519658697,3.6402746921456632,4,0,3,47.05062402619176
5.368948401881456,76.64697895047445,9.666707266791072,45.34990857713675,80.89777496137086,9.594395957411649,1,1,7,56.14347376632243
6.391407197460278,97.62332535900741,5.301758324940265,88.01499330048769,80.03641884553453,4.439449603267189,5,1,2,74.44811204535668
2.909646043616756,83.2726453175548,7.6361961711150395,64.05274014316828,45.70239521926255,7.550939672981465,3,1,5,52.51337436030518
3.2309187713925716,96.55408954119366,8.262776021696768,26.405186321815535,60.65122253232189,7.508113813744391,3,0,4,48.83991801716487
4.527409957255472,79.1778351074365,8.683623642465184,53.73529930283215,60.42595159869252,2.655441848032414,5,1,0,54.50538841289773
0.24085437333271642,50.863654604761024,9.620247915581512,76.72670410577257,82.71581484276234,5.718696893717321,4,0,1,49.08421288633547
3.8649499869981394,37.375544557559955,5.1904368362017586,79.56009212992043,42.50024141231975,8.943028933186481,5,0,5,25.834419088879677
2.5373760839585358,84.7276704341455,9.009545181860881,57.09477895728191,27.544667979050907,4.751977194569495,2,1,5,63.87092413249171
3.9299682261349758,75.09044550331411,3.9218083240534494,87.10606781234758,26.503491814054748,9.45117507342546,4,1,1,43.92485641386628
1.4371455818310146,33.373020867530734,7.935286344475149,40.07513278957232,53.61922792822041,2.1445822932416156,5,0,5,37.57451859804847
10.68632736887874,55.20353261306848,8.1938441065979,50.79490229286999,44.91482027322126,0.7415910577403073,1,0,4,90.72906914998632
7.123109442648584,96.97598708390004,7.744062688409243,87.39476829267275,44.01207709849362,8.914538731447493,4,1,2,56.7094770412987
8.149227829733874,65.02808019971408,4.766203152946071,87.21925373536841,9.113733908970723,8.476811979622166,5,0,5,54.470624482819986
9.470054863288059,60.291039521379325,9.111302029106422,71.42845766185107,71.86037406901956,9.925898759338448,1,1,1,76.61036753769854
5.981306387148687,62.03897236115058,4.1820092435927645,84.42354103416652,21.37366879819107,6.793934881124261,5,0,5,51.950736525581846
1.0430434570490843,44.62179068036146,3.375443540645816,26.65799502171745,19.695363020872136,9.366879266671495,2,1,3,18.432621456512955
6.445278501822573,55.80950196053567,8.022254934283385,84.87462321558323,41.27583202773935,8.269490250841109,3,0,4,58.30423063216968
7.04209341625055,55.88692791910236,6.328330006629136,44.04649299126701,22.77783416178014,8.444263331200869,5,1,4,40.80563050473047
8.945273690211959,33.66485141312307,8.943686139710731,33.37486343211623,58.38582673080154,5.691415704542683,4,1,2,60.56002134305319
5.179914554756152,83.72973399625428,5.683779987407813,37.95273772565348,37.14633393344715,3.8236459791671082,5,0,7,56.91491223674932
1.5309636335467651,59.15531023327153,4.17795011955399,51.34763810104153,44.89117225927901,9.345580725432818,5,1,3,36.165490409993794
3.4053108695846936,87.55259207714963,8.855095347289089,38.83940034533504,53.716932160402884,4.321171756158945,5,0,3,51.74311744710636
4.356987556783621,89.52436007839268,6.8423674214805015,44.04256895123743,20.353552248180485,5.388193672496691,5,0,2,45.05196931251864
7.751006895979215,44.839583828906065,4.324370546732484,30.123386455373158,15.57516228655298,4.461143071251877,4,0,6,39.60105257975814
6.849339656026943,76.01474375190901,8.04268799010512,42.21325741692489,88.04219028736048,5.648183139601971,4,0,6,62.99001558730231
4.273160710774155,63.05972629140872,6.577795469426504,62.921286090650085,43.372370283142104,4.705050789923272,5,1,7,63.406195667932636
11.838182985515756,91.61097165450396,7.230190875682239,53.1390281068298,41.209360963253914,0.4796755857947588,3,0,0,85.42799429297516
7.269297832282646,45.10184754235179,6.226288367446073,46.00390709269334,3.561215027284148,8.820481860076987,5,0,7,33.192697128799914
2.8467215008319338,77.4469240217031,8.800962886726044,75.98390966428354,49.797630258739325,4.443938189157698,4,0,6,63.071145012893645
1.221389671444845,72.54264855769058,8.806939009781349,87.01324785449884,55.416972161100006,5.889436485073487,2,1,7,68.10328495275706
1.8343096702119843,50.671103430028296,7.965721752770704,76.75919171767978,55.88408709546665,1.3918780275798703,5,0,5,56.39128165257196
2.9514927406140976,39.56206325558208,3.737809641775236,44.90005265882594,70.70311693228844,0.03387847982639136,5,1,3,44.74213438479209
1.928176479114668,75.61478323340936,8.871977033328482,75.83316258781653,17.748183499101177,2.4529009364364294,5,1,7,61.105463332242536
2.238804288615669,81.70182206926314,7.697090863730368,31.39851368555384,25.22231342306188,7.045860321333502,5,0,0,25.69542626662032
3.421142024326165,52.0939140634345,7.879169162030097,29.773849106846818,81.07304652304127,0.991945301128786,1,1,0,62.78690927454567
2.080483143537058,75.13828228156197,5.5408798828271015,45.92202777771192,94.7170616843394,9.08887440386468,5,0,4,34.75014074860397
10.761185095517103,57.65916353280523,9.154956893099047,80.57767767830427,13.593274736732063,2.150225693561846,4,1,5,100.0
0.9628049479397065,79.92448182978325,8.077601201644002,38.47611854317264,49.76495545052182,2.045936142917758,4,1,4,48.846471202160394
6.294136674843056,43.94506924258371,3.7881332657043614,24.74400566740097,21.417625273958684,1.8150796162149552,1,0,1,43.76686823353029
4.924761923875938,92.3150501845322,5.854446240843139,29.878215140476634,6.007316835498244,0.13981712971364746,5,1,6,60.0327211462697
11.788543402903276,50.118671752590586,9.204662533720992,84.40587263971851,32.550333812613545,7.718054684782346,3,0,4,80.16897696514253
1.3444668260166281,55.7450191429307,3.330376911881653,67.53374635604658,14.368762518421274,8.750345312452586,5,1,3,21.57705632498457
4.774267188548899,34.066436645624485,9.729916337494346,38.99008725274825,70.99330734342463,6.141627026161989,4,0,3,42.664722498309324
11.633645199304427,37.80585486248935,7.7541379782369395,61.6471868996136,53.37254136714444,1.881999816798623,2,0,5,84.8876841267606
10.386085510727764,66.11033318986297,7.419631843503637,59.56847168190128,14.383447099031088,2.8527799694087976,2,0,0,68.52622213817045
9.80486485139136,48.73148737095801,4.89391479541594,69.15769838304959,0.9241588405514367,4.759266973649633,3,0,3,50.20234893830708
3.094833924539278,88.4836158019536,4.74154252117424,37.48906658162122,80.81570490242127,9.543459516233009,5,1,6,45.30183663609832
2.05065104868079,31.028537205846767,9.594407536420167,84.83022403957983,17.619440616424754,2.4735137181774283,1,0,4,65.77795926207162
8.023718639093172,56.536583407035536,5.08790717963886,43.20264215600096,60.621664222076596,7.316459039198881,5,0,6,45.807755974653766
11.152511869531029,53.61418827383649,8.428537077032995,72.05987404821776,33.692191307674555,4.394482232929203,3,0,7,83.09148177352598
6.681154716167157,31.35293416423207,5.751852587449554,21.209348477916116,58.54859383150356,2.978473483600218,3,0,4,49.12084138765903
6.859352273638798,38.70578793003571,3.9747784954929277,47.94928474206104,31.565362698232402,4.5591593702211375,3,1,5,56.06179547328733
3.35974912392341,58.95498724430447,3.0750070838675128,46.378236346910626,8.693956069225417,0.7120671754123253,2,0,7,49.6516956731262
9.233915198303244,64.50052091132127,6.809801359106755,60.76133214372609,22.29500085577536,7.986873709303625,5,1,6,57.09354511721505
2.2445249826902804,58.30028230784084,9.83045172984253,25.455219633289737,18.80585664790756,2.4330192798296713,5,0,4,47.95950443952837
3.884150836850924,67.16563748884657,5.5839533566644315,79.25985302945813,42.80193524396439,7.254121231929704,1,0,6,57.99383862005414
5.105237263397001,71.6592172433977,5.500346337951314,36.33356013256764,65.82837834261574,0.6834837144819472,3,0,2,56.781871569526615
6.09132454421346,30.694667478948496,5.408641324946094,70.77783611615077,26.380607494635754,9.55098556165686,3,0,5,41.143200139229705
2.908916788980963,62.486661161745275,6.643806861134009,80.24090924330699,1.206993530061795,1.9301498540569861,4,0,5,63.82144329541048
1.3780418968704424,97.44494686213118,6.084654183970055,62.140771718113484,51.89373642647569,8.827420762070805,4,0,3,40.188152402374925
7.327440509299591,66.33225960906842,9.159402387089102,75.56624050414891,60.57594893589721,8.094732096154345,2,1,5,78.65513969597632
3.4635666388830693,77.42795872212673,6.538645542064432,69.63952341612541,96.28704940018096,9.67859924081416,5,1,1,46.85236339520277
6.974858657071348,51.83047005418182,6.554304867319981,46.66473478640057,58.94708030932468,4.778906609457496,1,0,3,61.000664893027924
1.8523525832904277,84.17939647069338,3.968601163043896,80.66439042751739,47.117255937814186,7.273972938459515,1,0,3,44.801349983288944
5.77368122225781,84.10450373132807,9.879176786372701,42.1026027414146,57.34016258977038,3.7071065703778405,3,0,7,76.11258060120244
6.39107319061903,66.49072333578972,4.7498102360818075,62.84096883136379,92.7900629862027,1.8436823801969382,1,1,7,77.7372982416927
0.6218824418691229,98.32096762954495,3.5135484722172188,75.90483043561547,82.83781456016463,4.430759329334489,3,0,6,60.27710107217535
4.0392513383270465,38.788515033385735,7.642023742826462,48.421693235938065,32.2978733363808,1.6574901538845488,5,1,2,42.03839783152914
1.612976123267691,31.18633654227067,7.167564591098109,42.707570571306874,23.725436365713726,9.82044622786384,1,1,3,25.09687097652111
0.7604996456732129,83.91107482299671,5.90601957794922,54.4509507629617,26.263361236607363,0.9624649114071637,3,1,7,60.23636637885659
11.879522788679342,86.50088761554179,5.955345637164746,81.34726207618652,50.4421039715213,5.892117234526204,5,1,0,75.68675693398782
3.8682461396966756,38.41450603844034,8.495447447325018,89.74413223592485,74.40494512285778,6.264638552540559,5,1,4,60.55129027945444
9.718493350255619,48.590798307102425,4.369988480697543,60.881255964491764,50.32192071829621,5.380795428740543,3,0,4,61.6843185022483
3.055687857165166,31.228665435664023,8.741773232614229,69.60996539927389,6.779639582811258,6.621858857118336,3,1,5,49.32269694401043
8.178032666687152,50.53160275463953,7.541229797265127,87.74552166791857,72.3580700439981,1.1618077501189095,2,1,6,93.94212380358091
9.122734318676239,84.119931174307,5.93278841645667,27.39101385597068,80.59701286709539,5.550185242052911,5,0,2,61.95414905410042
7.147664887294131,66.25723693988053,6.206200316087081,37.405893339962375,28.949786511971965,2.8721257112736156,3,0,4,62.20010872511976
5.6589142626019004,54.36669152178017,4.7965304503026704,73.16750046886868,66.41257392833504,9.401760633010566,5,1,0,42.29897281170628
4.942090969767222,56.02175064344312,8.264800328878824,81.78083464342248,42.659190105439336,7.620716534397257,1,0,2,52.157669884675165
4.186419198515944,30.09475380008277,6.590123196136874,84.27717712479334,88.91193557274428,9.725144821597427,4,0,1,39.60027943786943
11.15434973097391,50.98603692956651,5.245981799248906,51.133038264119946,84.52255581607399,0.37556069740189546,4,0,4,67.02040801623195
9.967432893452749,75.25211191465513,7.172350810326652,26.70049267189001,52.54319983096423,2.851331751807087,3,1,3,68.83259115354058
11.58032292799815,98.193611067145,9.970141164359262,52.83361079747149,69.15055458135944,1.95422586638349,3,1,0,100.0
1.4915666818265367,89.29425788887296,6.046835957595877,37.305094265529036,88.33497010221039,0.111545873118305,5,0,6,62.05263722688844
8.77040970244373,31.651647525187038,9.444839805450336,41.83973412474681,49.57170100782755,2.423257302463214,3,0,6,68.10659377177682
11.260085481852453,92.89924232723875,5.415117879471962,77.92006676281294,31.325074048882197,6.787759835204289,5,1,0,68.26213134454053
2.174796793987922,84.82388893090382,3.3831289484749014,25.664531451941514,75.36661379095813,2.3108892213456853,3,1,4,47.616135439935206
0.7979552084013299,84.62632864996863,4.4296947445790025,82.06859131105266,22.00662547846918,5.090034454826182,5,0,7,58.85027910984536
8.893447791480709,62.05970313025,5.930866003293789,52.07518143681268,38.8531148006042,8.878181149649986,3,1,7,65.64133453582279
6.893677358158943,57.8603705068152,4.537444500161984,64.70479483254462,86.57272371067937,6.937579203490753,2,1,5,62.40019228962413
10.101945321099265,51.204101018323485,3.001589267527789,26.723917342675925,72.4422340269315,3.9462906990603197,5,0,1,38.82466392507163
1.677268519515474,34.598640126805606,9.40501076423269,45.30193087679597,40.381100524749925,3.724689389121083,2,0,3,54.48874116211924
9.543207742318682,45.976475444558936,8.907155878616503,26.727568926113435,21.47445024083574,4.5573581400848475,2,1,1,53.53482163044726
2.4195278405729344,47.262254448461725,8.19604562040863,92.11577921608321,35.59683908322365,1.7704144105990638,2,1,1,70.22055381223915
1.963871314388454,63.88539487971411,4.174702169522201,80.54462369946879,28.4104149227433,6.340007674159881,2,1,4,40.97676568150094
1.9711895751719153,82.32110846176857,3.8425450334699023,54.472456576734515,17.608928794385392,3.641528191046055,1,0,3,43.95850637095466
9.774896642776586,63.166687987856264,3.473233246306682,36.77019112427533,74.33329135656567,8.523653492620436,4,0,4,38.82668291581638
7.982366648354402,34.049111461301244,8.068204321410448,90.00913289373892,25.20698868501715,7.565526600578163,1,0,4,59.58945168542761
6.276785097229432,97.04528606917427,9.501655724815198,45.84474467952288,45.416747016776384,6.1051316409216,3,0,5,61.08770190957912
4.30596580948203,95.99070233658786,6.013750746391259,32.073832376553106,38.585944683610904,3.6420222264951607,3,1,0,53.03965711068487
10.5264064897573,84.9632680203886,3.8339847039723374,62.23732913404662,98.20773786356308,2.099318316734844,4,0,6,84.0564720828676
4.709341289071625,99.39295310949544,6.586749745124746,90.7830590258612,39.10922441482205,7.761518641056229,4,0,5,78.30945627968646
9.799193273658926,68.1137632960184,5.441823352210411,20.287271787524194,7.9982482796754795,4.864090989910865,4,1,6,58.91969220173865
5.2696189028426215,97.39378451772443,5.623774470449984,37.8593632440499,8.982575257208403,2.247500381773575,2,0,5,64.8788823460394
4.523333153098891,35.29235284317255,7.349314369089951,90.38357303078057,59.07537213530648,1.9517461504000622,1,1,4,78.72547816418455
5.552157428035278,55.59765237829599,8.031026792835416,32.83144751428715,59.93635517382656,1.6540090450135903,3,0,5,61.1712871359884
3.616534489969705,45.776688760473604,3.7742251921121257,28.493258872986488,41.875899048265495,7.77161196205595,1,1,6,38.53704619916554
8.971312562115013,43.708315889398904,3.249131615645335,62.76404118498534,43.184369231202965,2.289871853003117,1,1,5,58.77743382774587
6.032644681109749,39.856206422487325,9.960312118800005,84.63828674711225,5.393258284087121,5.266422635251975,1,1,2,64.669905820544
2.7865523417618077,73.56895490961976,4.629098442408862,55.78323632704446,51.654651038926225,4.515463609730564,4,0,3,37.7401836691757
10.794894879294821,84.69252990231135,3.3768136743592136,94.59231925133936,50.47394753803517,5.796108992282839,4,1,0,67.50183798702169
4.6066946564785365,70.48088795942525,4.32912730367144,70.93787746534946,14.954931855694454,8.771549003711943,3,0,6,40.146210475857714
6.522634333367863,40.28738967117468,3.2727049244392497,25.55561804078358,10.383938611092757,8.677473900817306,3,0,3,14.957198359125794
10.877665331574564,86.77866389534296,5.7426762623202015,94.46240987614816,12.35724905994905,4.510760718248596,3,0,0,85.447181133199
7.490855950967905,74.51682950146099,8.61681249115927,50.59206775851428,10.102824649125852,0.15366250734723308,1,0,7,81.05697193290766
1.4027764885003688,57.171599428889685,5.388711148304044,41.55519003841119,60.97081955367598,4.264438057143032,4,0,2,24.171718621493092
11.277985483361702,77.18912068752441,6.109283848148566,61.84093876834142,19.648265240291863,6.061935374241404,2,0,4,73.00695159447349
7.532496636857014,48.193348546998294,7.729107414972072,42.823069386564825,25.143015218746346,5.577647590980618,1,1,7,57.024802874250454
4.0188673758850335,54.16345459459474,6.562258490489161,26.484313034011425,17.35721441514397,6.513361058002055,5,1,6,34.02998029624594
1.671264871960647,94.22400901923932,9.030119802149269,20.107125730938254,95.7835304448503,1.5407573247308348,1,0,7,67.6203079751134
9.528302271243552,50.33531539699943,9.062249725320296,53.71875146901967,85.46174631518355,6.465350987807326,4,0,0,58.72492332855637
7.440873071142162,62.89917877105556,3.0693748684380755,82.76475666699443,23.049483735152087,1.8265161874377223,5,0,0,60.3720627513143
6.401533103715858,92.30987961772102,8.446324145382395,62.92363892225574,32.7566293922126,7.50523980696749,1,0,0,63.37108367777909
10.72671099661149,79.54049451872692,6.225135201691717,94.94054742075807,20.989284230499717,3.3908761326267998,4,0,2,82.2558439027583
9.46316653469437,34.35422583152919,9.92188378912564,41.51349842354,49.187595946082375,7.098954333814536,4,1,7,58.67747909182012
1.8200985567930141,40.311213099527926,6.382624531128046,41.034129857004146,1.9610532474253595,0.4786559890610709,2,1,3,44.28459831327429
3.7406648135465788,30.54891135403418,9.908271617718082,31.981209517545814,67.13680088967958,4.078600255909134,1,0,2,46.95790083268014
2.981869677773589,74.16452531604143,8.281985528440156,32.304769119900136,52.31581498176416,7.050345222633327,4,0,0,36.39890810037924
8.927355510872124,61.33713977872928,4.740234192293144,41.388994700753585,89.86389283011033,2.2687051633149413,3,1,5,70.82444523766279
0.4023892168293526,39.399239563159284,6.768764855008704,79.46300339551453,16.439268432841413,7.952870447972225,4,0,0,20.751417071091147
6.838676218455799,97.05538847397393,9.944949476350079,87.93175929773359,80.41092460611317,6.307797331049319,2,0,5,87.59576100529718
9.149504228888286,67.07618067619339,9.002714254263466,93.1315377280761,79.19610144667158,5.875617721497983,4,0,4,85.92498591515238
10.521187641140994,46.93253058790224,3.6815682565385477,37.421724057233945,12.718118921688692,3.535488542043371,1,1,2,58.326509402861596
4.10498098459089,65.04224998082952,7.944603977669972,86.09731592105688,39.85592241441276,4.824514703811175,1,1,5,72.48776333257585
9.855087656064153,77.57342329145754,5.419057101095691,44.61913169580028,17.01526411445169,5.973493009778531,5,0,2,49.73214878770165
1.3275808434624867,35.33674525814951,3.0488758331624366,28.463040838766332,25.47205004575489,4.724621139148905,1,1,1,19.30939438342873
10.157427500814219,49.22926705335244,5.824366783188998,85.25186941401242,26.324617483054435,6.983133239405602,5,1,3,62.96896926598317
1.529863947983789,86.48758436187956,4.643280952074799,67.7079225982714,55.623639402577275,4.336969331069596,3,0,1,53.77276490291702
4.767447486724407,62.176540928186284,8.7320848936433,32.35481720607963,41.14109317604655,2.0227318174203033,2,1,5,57.73010478006999
9.567544389354644,68.26039994226065,5.361314261920358,52.23734431347519,94.77328040063054,2.1393378280104725,3,1,1,77.12763979880958
1.7990091281852854,60.29712015466285,8.79266585767672,41.54432711578008,12.637014194700512,0.05803768842941093,5,1,7,49.28906288112134
2.751016742791698,33.07299598501036,3.0041855718435673,75.25959265326478,97.36921348501988,3.0095771555867246,4,1,6,59.11257728611443
8.667030820716796,41.60248458741091,5.154734050182834,54.006217296820104,23.063864021426394,7.489176404785196,4,1,3,44.41140957205611
8.640438438552891,61.187914711932365,4.688156500154333,94.19599588297888,77.2873936381853,7.941627088376095,3,1,5,69.86065080217318
7.693771594623568,44.64298257855495,4.6349715274802765,24.105873669469634,33.89699261728214,2.0246754209575,4,0,4,47.217705880472515
8.3273813336052,33.49853200617751,3.4773063383582388,46.6261449602185,14.308139541731391,9.590439968714078,5,0,7,19.144974655621905
6.512693320171154,89.05547648362767,4.309869892873512,56.14251253324831,85.788918524624,5.024027934801268,2,0,4,58.96556744207261
3.021588706883433,98.6834770414881,6.888846989199339,57.735016606123985,30.88608992364632,9.169787490185026,1,1,3,52.73105531953931
4.148351922047033,85.52000117977175,5.039527509864211,43.69518667892276,65.88554042268422,7.0676528186163114,5,0,3,46.21627203467575
2.179172601617108,89.76494451932669,5.921763476304036,74.6930186823176,56.64436850866266,7.224334230224131,5,1,5,55.919406141810384
10.90140673600354,46.938399122193175,5.6380681624303195,85.60603051167311,47.17563093908743,0.8504362130607113,1,1,2,90.98459048606823
7.000701537193446,97.24388828592399,9.131334474999262,90.40394764833972,49.58194726485391,2.1999112689693066,1,0,6,100.0
4.810217001163679,43.78479931173999,9.337092993073608,80.38200325996446,73.22379140922875,0.08814833294472635,2,1,5,87.76634541275268
5.544069643729593,96.60008672532825,6.45069880159102,83.79351479799496,8.777291412344058,7.161276404767375,2,0,7,62.377131120227936
11.367400075341784,99.63735057761657,5.311091652209231,61.290897546499664,66.81806619579052,3.4443828842851,2,1,2,93.18456366788679
1.8402168373929624,79.8205964022234,3.7476049280165453,81.94161698201108,89.58121013985787,7.866525160763468,4,0,2,42.34093331855779
7.034757984201567,98.68006122542754,9.673820155674665,42.76279318609642,5.778819701986415,3.3893621993702627,5,0,2,58.76780044717631
6.070664146613591,69.86778456969725,3.421588614302082,49.88590715819108,14.065333923366675,8.19333752298861,1,0,5,35.51400777269163
7.3374508252157735,48.16792482232633,5.083551942977963,43.76847603639082,71.66319367020314,1.30698253748313,5,0,0,51.41128615070477
0.2173222058500861,60.589711996593465,5.0864634081900295,55.05405015859441,43.72816482446176,1.733731567575082,5,1,0,33.15430548607274
10.465486907329819,71.54926547651502,5.242809002981504,41.41847121789773,40.354862081368836,3.4087653958393647,2,0,4,70.85835856321889
11.185419389803348,35.11570934189105,4.150007902906864,92.12085816908352,13.696663454423586,4.084873888822733,2,1,0,70.70628457809644
6.781598203070507,73.56402852320723,8.48213001646588,43.46334710042511,50.67700407177881,3.487028108429784,5,0,0,49.75610641699548
8.359809886522708,98.68244857336062,3.8574850337619244,27.353340358320487,12.654531119637724,7.636470325232199,2,0,2,43.61414533768355
11.069992574127548,43.307535484860935,7.444346614072139,59.511287453781,47.66204563105404,0.969513926267147,4,0,2,80.45053247431701
8.486863611760784,85.48165814018682,3.866922186940722,24.282430883388226,76.36152989616566,3.5121701963848806,1,1,3,72.98283526238598
1.8304685149711362,93.55291556457335,3.493749463150696,28.290737473143537,25.826435788716353,8.372399995154593,5,0,2,9.565680254861439
6.915460322001758,96.05911149741546,9.366006525801136,36.45420418971847,48.07861681797273,0.6679707726217199,1,0,5,77.33165856530235
7.280580556594271,97.2094923083813,4.3309013642309395,54.826268741160625,99.20159693968357,9.423435076713574,4,1,3,51.85465323640535
5.089568055628632,66.50217471050303,8.74875108191793,52.49381992317709,68.66504233540373,9.863168422720129,2,0,6,54.57612256489974
8.837330827496674,98.41155355940526,6.812416097749951,79.97688965020933,84.13567713051987,0.8856817382508009,3,1,3,91.23057814353945
11.212404177228178,83.01171449941072,3.5449956372613873,75.46059904130851,41.484760656054576,2.91272522255737,4,0,7,87.70554285053755
11.106822154881316,41.31700053658733,9.688137340066472,51.9738720493026,76.78609231258552,3.7240066603535613,3,0,0,79.24756477678652
5.410072456849585,63.3830074527579,4.728728168943247,45.027815568172244,4.050917294132184,7.76391368652726,1,0,7,46.54944856717976
1.358856550089063,80.28318227604028,9.017517417468245,43.7351588046124,12.291118254224498,5.959268121167338,5,1,2,35.6015175258362
11.818094387548015,47.31382210733584,4.18167004049195,78.04963154705067,20.307059292006212,6.443657004925674,2,0,0,59.05469071713123
10.066777037351208,74.84306284842211,8.97760017499297,23.90543046659523,40.195192461521955,7.57509822818506,4,0,2,50.67475196983631
1.4959521744392021,76.66203353326335,3.092601690337058,20.961623713295438,84.57448783257632,1.1797899943702572,2,0,0,44.01018456844213
11.050102591408468,41.38898206659961,6.582463195986365,79.6658293944986,34.62660507879305,8.332094569102624,3,1,6,61.88687112454373
10.438756344745538,69.55597187169295,8.386098055950898,55.7859781991787,65.46211935154629,7.056198041801441,3,1,0,71.91230966130061
6.226056685512866,84.01388376850254,9.543568622449484,29.8160853915182,70.93142948034834,5.773417251963703,5,1,0,50.30412174948427
7.095305228939151,64.92269651751593,9.36441495344541,37.66744509458759,58.61823540883414,8.897353347830567,3,1,5,53.79242609678727
4.788032446441563,30.84721817432752,8.737374086833515,89.9377964823037,35.72419681701362,7.003063538838071,5,1,6,62.179555210655636
0.657139665864376,30.63269283555045,9.21733944762913,84.46272317186735,57.70533417135443,2.016999626310254,4,1,7,56.50245884537598
4.022366899750811,54.99205407790085,4.394537800859536,73.23387876679794,34.22655927897462,4.297453810756667,5,0,4,45.9961162087814
9.634241383176137,94.83358479022473,4.9892900699821014,56.16689227529949,8.387373855201208,4.940428669357333,3,0,6,67.78641359988947
0.055584276055234305,46.007374572252616,5.02277967444741,59.02427196435393,99.28039781860144,0.5521762675040565,1,0,0,50.02983626068653
4.00199006029373,74.40545822101811,5.639377517011892,93.1433401462969,12.718245363251091,9.546375133600558,5,0,1,41.36198109813815
4.778024323091319,45.54531094853244,5.75324469269632,92.43278329132153,7.2348383836057355,1.2857726079687848,2,0,1,65.86876502961704
6.448747235255075,52.5168992761684,6.811887272582728,36.14517843393757,87.85307492071558,6.974612672267268,1,1,1,50.311875352207984
11.038267396953126,89.36294627210387,4.11915834356509,80.83284247289886,30.183466089289514,5.062310360908802,5,1,5,80.80179899245194
4.156151932391535,81.02030095889629,7.838726646501925,34.79319996252626,65.02969740735077,0.25632249884422587,2,1,3,70.41258917827889
4.163438422754732,36.67794941192474,4.172965775131545,36.015310841296355,32.90057296622329,9.247474758643616,1,0,7,29.95508804874617
8.850014977316981,60.00914146905035,5.172159374731833,70.70697756234325,39.14542707944712,8.518368088189332,5,1,0,54.13175436854641
5.426615290677686,32.04188345516852,6.5234159142430785,50.375082394066126,26.21129720167965,5.242579279038355,4,0,6,45.023498893099614
2.6952578752797836,63.66231026221063,8.575083930664341,89.86583053298901,34.30440057930102,2.2894233613944523,2,1,1,70.05775362045594
5.42927419359232,76.37038081907477,8.176284632671091,26.67573011720066,41.070040058654314,1.2162289068009424,4,0,5,52.8532511587293
1.6902842445575983,38.29518365187061,7.518740494873656,58.36442306071198,72.04160690923429,3.633924794321266,3,1,3,57.420754245963636
2.1166438380746797,50.221945723641596,4.090412824061191,88.88911478323409,51.15361942347918,2.554282810460905,5,0,7,64.30234325768737
5.980413272873757,57.848563785150986,6.829317419309044,87.80852453596289,94.3565217156977,5.066912010062987,5,1,1,67.10485821567397
5.0271053940545745,94.36717172592348,3.612125512599198,31.739691006180593,4.188039383877551,9.664092961234289,2,0,2,30.955399891428296
10.978150812817201,99.52785107960749,5.641542237576555,47.497827507234234,50.306832263202814,5.749534932296414,5,1,4,69.33134598555918
4.348726789399597,33.14379092969311,5.894615712029714,66.43410500350222,58.42247888317181,8.899310558900979,3,0,0,30.860020919151218
6.967060203336521,83.27055464467745,3.278680076120277,31.954616357855166,92.01969860742739,6.508788374957772,5,0,4,46.74360642845654
7.5871714550343645,56.02068464816402,4.917916696289803,92.60166290343041,4.915852362142759,4.752465265872004,1,0,4,82.05285605412536
0.15713347906000363,57.472073036063605,9.689546270865424,88.60619965457452,57.349958493521605,8.546075627333712,4,0,2,53.1375878631231
7.962448464200527,82.7985481342916,9.675428254807827,32.52126342758519,85.3629928527957,4.713681101729975,3,1,2,78.3984021671555
2.136431602437017,94.2898502501786,5.466289379767775,29.086659594573906,24.192772811923657,8.68628170510361,3,1,2,32.666602143864104
11.532843809633462,96.56500161517839,3.3017007626382684,26.405636210619896,87.62923485239375,2.915767695757653,4,1,3,68.25027083262354
1.7839527330373555,70.39858102268246,4.253664575297271,88.20827480274734,1.9043409274291823,1.2881307376298812,4,0,1,56.48061960309756
4.975489484724285,54.99848115103519,5.74552455403478,34.52178573465956,73.24546291337298,8.553144643629384,3,1,6,28.674822536394682
1.0241960169437263,85.12843601011454,9.63445788578461,51.22136964082661,93.3113221168653,5.874151637926667,4,0,0,51.02219854896899
11.962491022151369,47.57009682836102,3.9883934447602947,53.663852423900224,65.71976616400622,8.890923982489602,2,1,2,64.56682241867762
6.0263401239749115,69.48518201834625,8.344610905677484,64.92582831601757,43.902924398044796,9.378272069923831,4,0,5,53.788307230374876
7.144620207840525,55.10049230674112,3.7607777756228447,25.380150781056873,4.488101647271803,0.5362839037144917,1,1,7,66.50245533140314
0.8049177286611298,75.96417515955133,9.868803041738937,37.006896305038694,92.01138133226287,5.009693018588683,1,0,0,42.23048310663451
8.999525644790133,46.82792390254548,5.671315493763945,89.86177901891945,47.02962226915748,3.7496454907452925,2,0,7,87.93511948896023
2.518867117147029,43.4115062014378,8.426641772293392,88.13075804514271,2.899674433594801,6.258583970701172,4,1,6,52.55801481104389
10.776651473288565,94.2767360672806,5.398137579677923,78.59679855542691,68.9821071328762,7.935911972023235,1,1,0,87.15246128863592
2.461675685784086,37.126257806467585,7.393682140111661,21.455093421366158,48.18372535762582,2.8059021597436895,5,1,0,36.46475983518319
2.288252647963999,65.41705354144521,4.344112593180257,44.52550763720765,12.434531744241074,5.567983843731716,4,0,2,35.847960072372665
0.43859601417713856,45.45969480741063,4.022147135078738,67.09690515071809,21.42718093102596,7.0872857990489955,2,0,2,31.690002248059614
5.664803341319991,32.72509743279672,9.566448976976918,40.63926588301068,6.449068045584627,1.3443108283573402,4,0,1,52.24704259128762
6.778093599151397,32.52131728039985,9.423530945331034,88.2190021290333,57.429353970857356,8.140669059512668,3,1,6,75.47008619756527
0.7885036731402284,42.265524047407915,9.212282581490177,67.54170963743314,62.202947925200924,6.061095998529731,3,0,2,44.080627911568214
9.306331400340127,90.67392481542001,7.378034151166155,25.39300379873342,50.574229835544436,9.495374371136517,1,1,2,59.82959465936075
5.439466016976331,49.77351207839187,8.657877478513948,88.17541916267773,81.71021330026149,3.395289191306933,3,0,0,71.12252978151609
6.29268323193096,96.5321419402707,3.4832585583796245,91.83249936321668,86.10088213080135,1.0814594233719865,2,1,1,83.61209327754804
5.289152963258738,70.71356050924355,5.343523293234754,25.82843137937941,61.56243966831266,5.065012010369253,1,0,4,50.98765551883403
4.809156730503911,60.562993283813626,5.195921873300094,59.92701761459862,1.2756479707430546,0.8581077170943885,2,0,2,56.46692693514012
6.715683975698615,70.60621842686183,7.449517253668293,42.752321166062785,69.52296557477356,9.695265233240068,2,1,5,61.23404581708273
1.86288295116855,66.16888696583874,5.4917044142944835,49.46293073610518,41.799921692035156,0.3868495825719154,3,0,2,48.705427108953955
2.1831375659432535,83.11433776301277,4.039547471505766,33.473841346650644,56.5557483226387,7.5350390110730805,3,0,4,28.142468685101118
10.341427452162208,49.774724618099654,7.175269527894806,63.35540765093094,64.90806020188845,5.25102398142244,2,1,0,77.92534988991989
11.353385545603594,54.713527412021165,8.70068744468357,91.8484514936668,35.02366143270768,3.686206524982887,3,0,6,91.34888570983902
4.479711795357035,92.58660117732755,5.674864461219812,57.73044502037068,91.70985051717942,0.6584216450865465,3,1,1,69.738098666853
3.2489360777226453,96.25195592052839,3.925881005689372,26.218593604586086,13.39748667497812,6.221669241736078,3,1,0,38.79206442402776
7.727994518868189,92.4790759240532,4.3768173811897615,66.50010001080562,67.15118072810374,5.852203293909552,4,0,6,72.51156985077775
4.904810053177156,59.36135957701195,4.662383136185688,45.51672458384428,0.43595799565804283,2.8088327306759977,2,0,3,54.789221072787385
0.30463626792413834,84.62558521048172,5.099283150961753,84.19438921934734,92.46511054051808,9.102217014103122,5,0,2,39.68283885544235
1.8738311683942843,63.343501331076915,7.499565493544164,52.600861123735264,11.25041332380915,3.041100073428369,2,1,6,51.78490697195548
8.59166674616877,64.82778965022715,7.206618391764033,34.46297067066842,9.488423014757464,4.497254105921061,1,0,5,54.17733641647665
7.907087302921816,44.32760763400988,7.872559030969274,34.33292170183587,33.30076330522442,5.437624559186557,3,1,6,53.30831980556768
0.3251519100418019,71.37912122809615,5.537513891720592,77.65731355408703,37.35662860390806,1.002318781762861,3,0,3,53.66786877794434
2.6636659431953933,43.029512842734356,8.767983563159849,39.919069873051996,21.430007232287863,9.321617192136323,5,0,2,25.39176261475901
2.7728975590568568,53.20952893470356,4.428613628090321,77.54250456194173,58.51216609271247,3.745361524510411,1,1,3,54.221381870215936
8.06271292318474,89.85211411339546,6.283285232627078,35.441548307494955,44.291409804196356,0.8077921387434361,4,0,4,65.52130682870215
0.23652645305236986,44.495306644759864,8.606571050790013,44.126477652598204,3.4175589041087417,3.8729117367532995,2,0,2,41.98042215828811
1.2493029838148861,34.9810799621403,4.261110534128335,54.911522932977455,31.965206225530064,6.0020254709258065,4,0,5,12.337355963133346
9.598993024478272,34.83053148289714,3.7690417961854807,90.7396887270088,81.04329135731705,5.136526718213296,1,0,2,74.09895735250159
2.1425359446520034,95.85491643521755,9.185787773815928,89.87985685653685,68.97015348618686,6.94541974037274,5,0,3,56.896072489108406
7.832953294222497,65.48443065732843,5.400507639314371,35.515390656671585,72.48708535798805,0.5548394206791063,1,1,7,73.49538773709692
2.8581933725607183,58.65884502719128,7.787090874363224,46.86642809323046,69.81169240835236,2.8454061027205615,5,0,1,54.24472453829889
1.193296713112142,86.76150067055428,3.1774402298475692,31.204954134032924,31.097302138303327,8.192305768401022,4,1,3,23.531913930904842
2.918066291993449,88.50781495373613,7.830328218866147,58.24888094851229,9.966392207677588,0.7989368779136086,4,0,2,72.15710780056608
8.66720318226791,53.25337231809232,5.212709180828794,54.543691302099994,27.2467184033096,8.554859546959575,1,0,7,57.63741253302806
10.268357617275429,78.55326402316567,3.390185975112092,87.55701218380493,83.17853001851593,0.9189609207710625,1,1,2,91.4331161520005
9.962638374803898,83.97859710963206,7.2686893308368195,89.75040333433044,98.04707977830711,8.344542148916963,3,0,6,88.54055687477081
4.766202355421457,75.82554808061681,4.685626712512213,48.76755432554691,49.38470147415613,3.6078840107872665,5,0,7,58.891763510016766
8.017021638847755,40.61165523600695,5.70765069436316,56.88034572642421,0.970035492304222,6.122090632572158,3,1,1,49.997253274603736
2.4598115449898517,91.311815846194,3.5640656860055953,87.21771868595998,14.004481213422903,1.5288711564799817,2,1,0,61.668366620786074
3.517772763132159,67.73661869152062,4.030142757664617,80.5030855808796,32.20805753162658,0.6616872172518085,2,0,1,52.746661490830164
10.756029822253437,49.77306984590026,5.0858406484709064,20.274223350848697,57.85853485929498,2.1593820402013506,1,1,0,60.475541867924385
0.15602308212883242,59.76597298063857,3.6283165039211,44.004467313768686,7.509364580531397,1.2785381790869554,4,1,5,44.94926691672278
1.026102370253617,32.629976327923515,9.375783852804206,51.63306814520944,94.33572987098816,3.124058976796318,2,1,2,49.63895768539378
2.494635061752328,38.95067608556923,3.042329302287849,37.22872127624238,36.50836732844007,5.143832465110202,2,1,6,31.535388291837982
0.3183864464858366,83.58827253611025,6.38702153205018,34.9678711921954,91.25842179248231,5.887594635650095,3,0,7,49.130872244098576
2.1772252210775678,30.00081443287563,3.86273220692786,22.833837994675974,78.05218027570217,7.8986810737974285,3,0,4,20.91806232384048
6.996498731636306,59.15960799376045,5.15375362634564,68.25272938023204,75.54372725155811,6.562398932483586,2,1,4,58.12639987129024
5.057094607109976,66.57571267599118,9.482416918727859,39.68827178623742,60.671957978223205,6.08758325129553,1,0,3,55.92908532444184
10.712060532923697,33.82440940006806,4.1318618729179075,23.92603838234848,62.678381705184464,4.117820274857746,3,1,1,58.04786645429407
9.80932274086129,98.1154714080633,9.76082623802833,37.32344828960477,63.80032352162481,4.738084349601387,2,0,7,83.35567022667644
4.101808220374512,45.82877318747703,4.440560638925952,80.14354646270948,62.87213870255821,4.145208293901811,4,0,1,57.28060265625442
3.11308120117551,51.293910374539664,8.190962759267807,83.861688623491,55.37282313983612,8.421660300613832,3,1,7,66.08336746070617
4.556308898007202,51.27597585785192,6.826740854281182,56.2299683894977,98.6414018482889,2.3000045254839985,2,1,4,64.20368093889954
7.083539310177693,46.1291663482145,9.191351093177314,51.205300280651464,73.22905674256961,0.057209315419646245,5,0,0,65.37525731414668
3.216763689874515,30.1031675460418,6.877952788521917,93.33902701263364,77.69463883925212,6.513198972262392,3,0,1,54.87037251512762
7.489786894189608,81.05413558615975,6.74191453409416,35.04234946910525,87.24628150836742,2.024621836388314,5,0,0,53.945725081432236
4.912939826294885,97.67918498594997,4.368206002578799,36.15194621409564,21.563976272584917,8.901151363098093,3,1,0,34.3916174394257
6.624566170223763,45.700543829953155,4.163605534361611,41.890038277729985,8.380415909506079,8.590463297066561,3,0,0,28.868413413642706
5.2335183496238,76.41330342623957,9.4154240578086,32.956798871081546,48.28944365985986,0.7672737192820589,5,1,0,58.03734194398537
3.533589114503012,81.93274288711007,5.2948673919502385,48.45241986531399,51.40806956192732,1.0638840541407735,1,1,6,71.34661503546162
11.38143968354588,89.38977653633674,5.6045757847402715,88.31256702423154,82.91817799499177,4.951715922466663,2,1,3,92.28281773219192
9.16326952991713,59.584043790952634,8.318765608998719,66.15108804714308,44.37835792823357,6.092226627693547,1,0,3,68.2265087060474
1.6813581091974306,51.205163394830045,5.371764376959652,50.89599114591977,57.08530255443127,2.7490833748224075,1,1,6,57.66569820848721
10.421615710774955,52.77065938161218,9.664437126473018,90.0808095928411,52.70709385134583,7.1679771669937065,2,0,4,89.05880338800588
5.849174378994164,79.88349331689591,8.165494382991602,23.634817435686674,3.8202783757391057,5.949160209188715,4,1,7,46.10359088542575
10.734626722729097,87.17456265539452,7.18200469801394,35.7707133426396,61.5214896596914,3.248241097485547,1,0,3,71.84249240183519
9.598263071367782,42.71297774296219,9.166266123813267,62.441645382631926,82.80432857742522,0.25371488042315593,1,0,7,93.09167629671674
5.102562053630802,55.96587057104357,3.347241358446379,66.16644673948844,15.750054807580383,7.501502812985176,1,1,5,49.957886044185464
0.2696316998414088,93.1358137724405,4.799438845324461,22.966812992195987,59.433173392659576,2.147536658250827,4,1,6,41.02155742768541
3.224128312619353,86.46854637863174,6.25525433954637,50.227906843034916,59.36105444464144,8.344737434626284,3,0,1,49.13136754562182
6.499610575930403,98.94008819337331,4.588849776300647,68.68654736231545,16.418496405635874,4.202902600542552,5,0,5,61.3713665293932
7.601738637913767,82.79737817774566,8.207336311115064,72.35529098025512,12.346357373073602,5.770774426317654,5,1,6,67.16783561742912
3.0946522251984274,57.523664071954556,9.434456217376077,67.8604926887202,98.00519429764847,8.72948730409002,4,1,3,64.37917827484411
1.6722728888738896,71.34464837962464,5.966390839516464,44.04224182706934,39.371916965303754,8.636230009199533,1,0,1,37.1891588707131
10.019162841591589,76.27099779731242,5.394928200783265,27.014009269843214,22.742172872352928,3.715195752435733,5,0,7,54.82145767097354
11.812826168442626,35.49190714219868,9.730855124962964,52.03343348145006,17.132454445437496,2.088888927148431,4,1,1,79.2000066378913
6.30828218763223,68.11478713727055,6.113967029792786,29.656582802604163,66.7601713583235,7.7514607772859465,2,0,7,46.02092597192532
2.060151430179642,79.65245799308266,6.423338803144983,91.07177438905003,60.94452973272788,4.3308020360213115,5,1,0,63.48031832209191
3.2676879182324274,41.712491280074225,5.4615491063933375,55.637814951697116,64.35521229874175,1.9204199355900409,2,1,4,65.77696038282443
0.2206881185696008,84.64422021978899,9.366839311084968,43.79443807676507,8.800602751145226,9.044253423171503,1,1,0,28.339321104547416
10.971585678725988,70.86409463598781,6.982688382972955,77.4728053339175,89.35345834984369,1.9810419424108738,5,1,6,92.87062758654129
1.4130129946816936,96.65552499883162,8.335222110271513,57.34614444366979,38.92663968090483,0.2580716819123108,4,0,0,57.04263097657077
6.918197706171043,32.96956087448242,8.682647028456206,43.25255180093376,31.336940643035792,0.20279973767419968,3,1,5,68.67768436322187
3.288662648246472,48.57282962888269,5.3929432934208075,80.89758067931012,46.23614472477392,6.223153564542643,5,1,7,54.790738039507076
6.650136030189521,72.10877155098768,6.03586031924266,85.03641132508415,39.00660657476283,6.6167506071753035,5,0,7,64.01577748001864
7.81704466022237,50.759193854415145,8.939302420843852,70.47561247165078,86.35770031391459,3.110417050569839,5,0,3,65.27143137885558
9.95690164448642,80.00969148498694,5.542787461730672,23.522331680575046,92.92609751978921,3.2001098924706337,5,1,7,65.24992999215613
2.4770552611272385,83.13036977653516,8.55754593416296,62.474216012489904,30.34532164496062,3.3949391505994275,4,1,5,58.09760521411023
0.13194994390176573,37.17611748465321,9.58694625802106,77.24711839979612,86.39358074599548,6.801585467588787,4,1,3,51.78003379313277
1.6426275608256873,65.96981249447374,7.362472611476049,30.237725906268665,78.15231295330672,0.5813379102682859,3,1,5,50.20649353007345
10.800223702177261,65.62233889137391,8.191391012163223,37.15030635384525,93.08076723447618,9.291163526913257,4,1,1,55.75543792359626
10.486680930750182,55.84965391508787,8.635681184287943,86.18713288011023,24.575031218588784,2.2252104417744647,4,1,3,81.56782133932916
7.1689572260437,95.30474037987705,8.915277542276497,21.50912913898055,57.695915012097906,9.996732052420922,1,0,7,57.5286037924505
7.20620232520384,87.92544239112549,5.765373364997572,76.4545353369482,27.454458474044465,1.7152269378718699,1,0,3,84.85251339015343
7.980440094555066,78.80465673367458,3.358844214231987,55.53299693858172,82.40944904843742,7.715464573123775,2,1,5,63.443621309682825
2.104455343481395,80.00286450144984,5.813133898657177,53.50791191297051,0.5324190571064258,2.2341254492962506,3,0,2,55.8745485519233
10.972943351099516,62.32013006691834,7.716293608488629,20.53223993711654,56.48191628863961,0.8084680164325397,1,0,1,72.7515730305432
5.025246298704877,94.46961647676031,6.152452700465549,81.45486732248696,33.9203431271918,8.749333243506488,3,1,6,63.30974110571697
4.5976623389939695,78.62167990772997,8.24274205602279,46.986867547742484,32.268370707782026,8.587512591908919,3,0,7,45.407948883246924
6.2270124633940505,81.02867431590715,5.498877006280647,60.557422347540715,64.4906323864917,4.035703924496014,5,0,1,58.86924744531712
0.5635916013006605,90.31836326511416,7.443208987728207,70.79755147517446,85.1484449313994,7.023961425404268,3,1,7,56.882008366692276
1.995400425072953,49.18501125395337,4.304938633977822,72.69721823284368,60.91953913933262,5.570659326839172,5,1,6,41.08103209970256
8.856403397116445,86.49496327066922,8.245586056514698,91.69850441195543,85.31729786467224,8.529561136737488,2,1,2,79.41339417766092
0.9935840151015176,43.66684220695444,6.819871781691181,59.850496492745684,26.459711188102997,3.150559693186544,2,0,5,44.235773840791786
7.237825313596659,54.17393665714215,4.428450719826204,49.97896632308207,51.95018547649811,5.236723999989852,2,1,5,55.51826141087591
2.9441893161758514,53.49273179888899,5.043378214484651,91.5277719868781,45.0536539067076,4.853723712045505,5,0,1,61.38374420265032
4.6715473685037185,98.49678278723984,8.240260960072828,68.15826762691408,1.1644899503096218,3.539058262568587,5,1,5,68.74855943213994
3.4643248412483985,89.95760566235488,6.378208649630645,42.36127672074167,55.68121431407401,8.914550645563722,2,1,4,47.77143729635325
4.26807259757939,79.08189031131818,4.512220082751505,29.484818405267838,66.1524324146175,1.6587792466253548,5,1,4,49.47552796434576
8.628550862210947,80.89397331307731,9.770898332592083,83.1915876098886,59.191440441907005,1.4950863952069615,4,1,7,100.0
3.5654605874781002,69.34509560817997,8.005875138718215,47.16362020956137,73.62798987834215,5.769095353227513,4,0,6,48.351697036721575
6.796855683562766,96.29634669759633,9.699943827778572,69.53522910233234,57.13395284530771,6.57494229984942,5,0,2,66.37377431134293
5.712604826389196,64.73811270176532,5.989735317522403,55.31123145244236,6.675025485075691,1.9461925432456517,5,1,7,66.00662872304657
7.964053984351778,56.636239690892616,6.325702384842043,34.919733484627876,11.644552408471142,3.907174422546241,1,0,3,54.70637284017694
11.241956871897095,41.41247358521137,9.285686513295135,65.12649564653488,59.64745775439524,9.465638429787438,1,1,7,70.11085796608694
8.790865166523004,85.03439565827406,6.675345381717692,24.551230171301174,27.49791919736402,2.46617422690674,3,1,4,66.10392199235817
2.579284543089081,81.4110752452914,7.95095238333967,51.00068449033942,7.964512903476583,6.683607021173941,3,0,7,50.32482007883106
0.37419762073541607,56.904852696689446,4.76521014246871,60.996120474775324,42.960274344854675,7.401493936975908,3,0,6,35.93400049711875
3.147168531597901,31.763538977146055,6.127085280918484,52.70352305889343,55.43225980836554,4.481286994651596,2,1,7,54.16773744569155
7.1409351684030575,88.72981294026076,3.864149060672486,76.15041314382431,32.87459883496066,9.37525986759583,4,1,5,68.01782658278327
0.6171097618110042,30.799258841785154,4.441860251138731,82.09437159089843,72.04337022257779,7.366567352187905,2,1,2,40.451117372823994
5.956394966414836,79.25898457403358,3.0066039068734174,77.84323055248835,64.37706081012446,4.579245798608978,5,0,6,66.1292365034483
7.16211418700267,97.91799768082399,3.2748553615406215,22.91097108588516,33.281836109167195,5.69335201776094,1,1,6,43.031465622242166
4.010926689803529,60.63629297037424,9.840986762238504,34.55965778344792,75.48725289085606,6.926134434251007,5,1,4,57.703490374551194
9.250946444949863,46.44813834971669,4.696475865957336,60.245563194783074,64.86950425330355,5.921901804292182,5,1,0,54.87436994829902
1.2791790376052616,79.34097070303672,7.643174966528013,90.1116530332851,63.74453787179021,8.786975838260759,1,1,2,54.068337622731114
0.9016533808297051,87.19896994109095,8.873697891597281,82.62175812890877,55.342770078706806,3.568886622804012,5,1,1,61.70355889975086
8.738265074443241,68.25012212544931,6.85462321465595,83.19008812638512,1.1389668088552796,2.998857400558049,3,1,6,84.24555053255986
5.9458957944743815,97.69246926793024,4.072011500587694,42.740614531975616,69.65071834768891,2.138388894952643,1,0,4,72.83714729471369
8.260828757132833,33.61681051605728,8.096815061353166,52.20859228090269,37.604179110915645,0.37782968064595135,5,1,1,64.59402810841978
5.217928063244955,65.33569188131696,7.201759870697082,55.302946048695304,94.26097101586556,0.43013964380055336,3,1,2,77.20695490850267
2.9568243988692817,80.2917763125785,8.118754125431625,31.80286875124328,81.79847710772053,8.700551931092829,3,0,4,40.27203918513922
9.829227812090396,90.38483298044252,8.38822635999961,22.330109768334225,58.76944695313122,6.783931464059073,4,0,1,59.38795669981086
9.592990547627751,42.547892833545305,9.827872573793215,91.01771745953876,25.218198181926944,6.605324154364861,3,1,7,82.75988182943911
8.33635765025312,86.0002437234577,7.0149429601869695,38.053443924763,20.371739327766658,6.14642818934886,2,0,3,58.89460891111692
3.2657416467595524,68.68949530029818,5.391487788834213,37.99616777927235,34.03848376775491,8.49219144694105,1,1,6,39.07586680211682
7.082768002429045,57.75875773929742,7.53925189830166,26.253429032656967,47.656794358001854,4.802669256656275,1,0,3,55.09023998852759
4.331686763280322,39.22005200053655,3.479084964698383,89.63808139578339,29.606551003894708,8.704108285583004,1,0,0,35.2963236987824
1.0989848799196098,90.57070312362387,9.281781228251104,63.4802836204829,51.49294953924828,3.5944502618223915,5,1,5,63.37867372697234
11.007762905546914,41.00912457258008,3.8356670793673775,70.02776428440154,16.537042551318592,9.267075043390905,5,0,2,41.452782552666186
1.6418235710275368,51.68515014463695,5.294899865200728,88.36826654472894,97.77128128254999,6.986569800812401,2,1,5,53.213835882394335
11.40284824584963,50.30318723737058,8.710217664382846,45.92151266755921,10.792455496499386,2.5717713602442727,3,0,5,69.29651507364537
5.352069275495468,90.9989823933598,7.181186648314982,66.61304833535631,93.1944139654372,5.640849216886251,5,1,1,65.14170949555408
2.2215951460634358,77.08920959462286,5.7554486419420945,22.90995910466656,91.35780114026949,5.330305614882556,3,0,0,32.87983260418361
6.502811368540298,85.76769780339606,6.31404961562515,34.0079396173347,52.5360481819498,1.3789882173033396,3,1,2,67.57733519982713
10.4753500305169,47.53275291547493,8.981831752415262,82.34343538174568,72.49102718360844,5.912429057506142,5,1,3,79.88654520873007
8.786698636914734,73.74118697248991,5.380030702419245,77.50762672537519,43.60482979725878,3.1478562371695795,5,1,5,82.18729237580752
9.678733774337397,70.0222188200624,9.0875477936852,46.29820185928602,63.00345775424382,0.5234876680960243,2,1,1,84.72294771651868
7.905400400528608,88.29812637517898,3.6169410168368406,48.26079708306594,34.05759374211187,9.486561577065649,4,0,5,46.12150663750111
8.30731877421423,93.42609423368825,8.437589060460414,60.01658251651846,30.115901978544535,6.414903690642878,1,1,4,85.94522942084112
10.190347818783831,30.850974003417075,8.932833431383155,20.01807535138509,57.82297861695137,8.76918931870847,5,0,3,38.50707139656072
2.9960161063102313,77.18139433411548,4.2727235698613715,38.093325202852085,49.81296741839804,6.760560050132531,5,0,5,32.32452978199042
5.873099563717686,33.62850593838103,6.012425726605403,35.61738564561608,57.95363691499811,3.569836921401129,3,1,4,55.88241534012897
2.6545133018352267,68.42010655541492,4.158498422645589,38.78622100623226,28.6660581287023,5.126880723288114,4,1,4,31.73167548436635
11.852016095959764,50.13429103305747,7.9462289029595246,80.4429381900081,36.695783181699525,6.7574676034717704,5,0,1,75.34399434547254
11.32871207623936,51.474361966549885,6.747434376431597,40.97553924098324,8.38979606289093,9.602523252014375,4,0,1,41.37178431494862
0.4731217364220708,54.70709524166496,7.447263426958247,34.36409915376111,5.227637227220572,2.536694591216965,1,0,4,34.146060942090024
8.466902070188262,73.4904714334727,4.375408768693478,57.81975955947736,25.345712967301626,8.749770586241176,3,1,0,53.093644507775785
11.102979808987989,53.38349759681385,4.482221034366937,84.9233777279549,7.424685933054576,9.240778052942694,2,1,5,64.4019449658334
2.1669041415280024,81.28893354131964,3.2904812785693447,38.10122778781249,10.37747086347407,6.7041551465895655,1,0,4,40.80268354992557
6.815342766631554,58.31691699017088,5.254472746370109,25.890218209459903,81.29284053939371,9.312666274013377,4,0,4,36.48791406515385
10.985859571056501,34.7847240216971,6.9182126293357245,46.73035518872486,3.88736970166893,3.978785874773685,4,0,1,54.185866644967774
0.4073517430295861,84.8631889738875,9.005544397981302,76.07388684237333,65.89427939347428,9.530161760404427,1,1,5,54.19938660291847
8.369043206962079,50.00308272148942,7.668492132210765,61.3017908521096,27.255774881540052,7.027828771659749,4,0,2,52.160759025743936
3.568188088470609,60.29368157194838,6.04777426379826,81.25950271807605,87.15456807081264,0.420057674188119,2,0,3,72.44187344242651
11.092754344518365,77.9810718255331,9.671840800758964,91.96941107069254,48.49922845774996,9.068728318190528,2,0,1,88.12070594919572
11.652698941984413,53.271931000409836,8.034716404030823,79.44968575637128,30.557645932782574,4.844728090331926,4,0,5,80.83078643717772
11.331197869361207,33.960995930270094,9.51115642003785,65.28523091328151,51.76389356894345,4.6032698477783285,4,1,5,82.55327878635639
5.690570599889565,56.174473290896955,6.69311581290516,57.000619103928535,38.19580190452688,5.6646660597963425,2,0,7,58.012057749527145
10.344511811871762,96.11140078860124,4.812329923551977,23.00518147612,56.43010646698302,1.4938454677122792,4,1,6,72.749086369519
10.134592782420844,74.92140781089907,3.369786804553054,93.8241484110531,11.453286832634824,4.691660485673986,5,1,0,70.77477156731703
3.8292056789190676,77.00354040670449,8.082593960386953,48.761084193128184,99.69905028125511,8.311272167177457,3,0,3,59.04182110929564
9.946985689808129,74.25975075463478,3.8491209860387388,31.417116043765013,42.55558776967175,0.15482459137515336,5,1,1,58.445494156213705
0.44409161658591145,43.92944972716057,5.119425897903771,70.00316415473426,34.82306397073687,2.7291716032437128,4,0,1,39.613082124239
7.1552385417846365,59.28337048715961,6.727296355187281,41.321621682159446,71.02098483162649,0.0245458644384422,4,0,2,72.81095988284756
2.7601060474524366,82.56578588543228,6.950916114458234,63.93337031982857,36.389940649533244,4.157113091498483,3,0,6,54.56651954620901
1.4468026293273457,37.09610282872114,7.204082378909952,64.00759308834435,83.32743050287577,7.283155104937347,4,0,6,46.14488108530502
0.9234384195505099,49.449694326279854,4.163787312447905,53.42973656771519,45.42707243604253,7.987718291146285,3,0,0,25.606728618709212
8.355465310537678,49.34233759260975,5.658161833751541,82.7088961658782,71.95584132654349,9.451897611270066,2,1,7,61.91442427000471
4.078499565216793,60.241324931615424,7.320359589818767,39.87252961665823,10.745321644188655,6.085046129707865,3,1,7,52.130036390393585
8.697201258345137,98.62581186595295,9.788732052436494,53.64744437133006,84.61191855551118,2.5462686665289547,3,0,6,87.99995353148478
0.7842760895873084,34.725178267867534,8.09341796389782,60.32690964432286,73.57179867781099,9.24147949136699,5,1,0,29.965274932112425
3.783484053967324,66.30906960664166,9.458226299657705,69.77185405754747,21.17167784619657,7.753157538803761,4,0,7,58.94258822178695
6.473895508504047,42.55552774085473,8.335484408199239,78.79788878791922,14.528600974578666,5.744284830031445,2,1,5,71.85602784634706
9.488677978067562,97.9473581786821,7.142018782246803,49.610546215869206,31.62923487256244,6.95640215718936,1,1,5,66.90390297460223
3.825030035184839,37.93124533092249,4.344163583954412,68.4535208072447,97.60705860319044,9.243163550074291,3,0,1,45.48438455298027
7.510696517244109,58.25207016531139,7.666799563247592,31.295821480138933,25.683157456705864,7.123940284729216,1,1,7,63.36099160694746
10.631732978834245,81.65194893842244,7.363656961719349,89.9486075406859,45.612720894663326,3.68374507584734,4,1,2,94.90180778561387
7.390358258187655,79.31880996192118,7.217284193200865,48.729410481575265,3.0020225717336313,7.130282022890967,3,1,1,53.99665925818058
2.795513697043605,59.59100458257526,6.428501075917685,74.71410664823289,39.72275295662325,0.4027816273538787,1,0,6,67.56853583286082
0.29280937867845624,54.25669175669027,6.70059622792493,21.52558114116332,57.132001543310274,3.864155618305812,5,1,4,25.441085893484775
10.441186486811159,57.83286649870094,5.341097689826729,35.38903571786052,95.3124612507965,4.063230318455792,1,1,5,66.42123830620427
0.25523293020464566,48.49933842110475,6.635188848496123,56.53119082426835,51.67360449400644,1.6683823442083467,5,1,4,49.656876737484374
10.496420072210393,44.373305709475986,4.382891339749348,85.86893507992599,81.91073261776877,0.23085480551770177,2,1,6,100.0
6.347245608326544,63.8127788291223,8.636220781522638,59.54413624630079,54.712764256890054,1.3338123663774282,4,1,7,78.29550455871126
11.268812382154755,48.79736292473251,4.300438682890954,89.74028617204092,4.07850134355181,6.546214957970551,1,1,2,68.64712614215495
9.585398829283985,50.12231654280751,3.594764029226265,56.28476724370972,31.500827518977403,8.022888163636875,3,1,1,48.48714243876088
11.97520932640005,75.972924443219,6.053722184500101,56.78368225519625,57.55495078311033,9.882034927269741,4,1,5,64.13130049540986
4.208541785420522,97.79761321899245,7.608152076542433,28.981009137539893,95.05939659311244,3.4636350310849426,1,1,2,66.37595295906121
9.206259467173522,72.25460403915625,6.06401777453479,80.19921831141649,85.91303597512334,5.993792222611018,3,0,1,70.11395899989058
4.823170963310906,35.38856269454764,4.937278923659161,38.52240593502969,22.835561417884765,9.37144966815122,3,1,1,26.813330079164057
5.758507443646906,35.29085296978469,6.907198287233085,87.47093670292364,22.01098300191635,1.6704178133815262,3,1,4,76.59237373764377
7.530065558620441,96.59962545918961,5.429016347885399,88.31181652477972,20.117296711390075,7.176455863427426,3,1,3,73.36163910239196
10.484125370236065,50.810355321513356,9.530073830886431,90.74825839056123,92.24988963025031,7.549787331491632,1,1,6,93.00206579243202
11.809001630391542,36.44468902577328,9.458515977225005,59.01728668273175,85.26661531017207,0.8897553586933837,2,1,0,94.45522903814194
9.219280966374217,71.9331211005267,6.516602739804668,70.78203385877333,77.48834322529487,8.612493851830651,5,0,5,64.95974907454695
5.013201386008005,73.65541448031863,5.295187958127809,78.38869100462476,39.27351142242276,8.131050471108438,5,0,0,48.96903044137036
5.056284027324843,75.39533740830817,8.159926897696474,29.82609639878492,50.43807042987668,0.33403006577434446,5,0,7,59.756323214478336
8.850987619066698,48.71814195002789,3.2569906043814667,65.07178962481228,46.43317447951528,0.9108441488005148,2,0,2,64.67674664609419
2.865325749219628,31.057747895013254,6.323383042305559,22.572342597748374,25.339810755937265,0.4912689389185232,3,1,7,39.4035716742031
1.325689357576736,97.55107586181303,5.354263759892335,57.31745625415444,50.502804614876695,3.3474353179936225,3,1,7,58.34259977925961
4.255465891689319,47.562513198377175,9.443751195717883,31.613201121517058,3.0496547852754463,5.092889906799262,4,1,0,42.11627193563211
3.446867899848981,77.32184016367833,3.0840211909087776,33.719219447156355,13.181037349745917,5.323477279546288,5,0,4,24.65449936965807
3.555697445471881,79.46409089150967,6.869704130028444,47.37856750194511,88.65895961689463,2.6766675976944265,5,0,3,45.471536100113646
2.8032930125989193,72.700519195564,8.184645067466382,52.43278750373773,75.16797670314233,9.115968865602742,3,0,5,44.14022693241852
0.5051182756363426,51.903517594955375,6.395125912668289,66.73793183991404,42.286840905908704,3.682627898719132,5,0,6,37.82035102894099
0.21448721680096572,48.97673776348461,3.5978212111390517,25.582131382888676,51.715036228387724,0.455501559653525,3,1,1,29.72961215496566
11.852668676832378,71.83677978918922,9.807229730195315,57.77688209280835,36.999888595997746,3.0022711154138637,3,1,1,96.57731147759358
5.133277604830348,90.6266943528184,6.626073019632686,33.696884768982585,74.07798671606724,5.311094225441555,3,0,6,52.98648864516237
4.611919765916181,96.27136102463768,7.29930371023308,63.04813812738064,78.41871792320796,4.08221822588232,1,1,4,80.36083115202568
8.155767392316838,37.413406308263035,4.656268478952551,67.80534591958876,76.32851902031591,2.738425190992592,1,0,5,70.6894159922629
2.61904665438077,40.83800288184039,6.384486595747626,61.75319424146404,72.26117248344495,1.3132324976431742,1,0,0,56.789393871732685
11.399534207402704,96.13153811481557,6.004046443708253,75.37216328587307,20.450433869279582,8.191645000962298,1,0,6,76.88502674459413
9.436140172986624,81.55746598343548,3.524270894013886,45.1706933180676,33.79699792404788,9.961452421241919,2,0,1,50.1332869007939
1.0729320277471142,91.80956773808411,3.7431224748322705,77.38299437248482,46.98454349836749,3.295421335238821,4,1,0,53.98074839756165
5.01096930941914,44.18428438947402,8.862307637331423,52.457531128114525,33.079299142765564,3.816210441766039,4,1,4,58.52440532331945
10.549419690745976,71.13101097765812,4.678739665446132,56.31383737419476,75.4940200158329,6.180375246769571,3,0,1,64.62520800802739
11.336784267496924,79.07977160922316,4.364707900490414,68.60765954458036,32.935352424995465,7.184414747355413,5,0,2,67.9901247354535
5.608818134998437,77.60783198128809,6.534380158750975,21.376878799941796,13.823208678533716,3.9202953480359124,1,1,3,53.94132445194463
7.360936670528492,58.57061836066887,8.38122991953759,69.04956660651862,39.90404520483041,9.049295169818151,4,1,0,55.58386094150092
2.0044073531049027,31.077642418391594,3.4336256300529153,66.39388618040866,97.99144327823804,5.600039892289184,4,0,6,43.91999508361247
11.894023513643718,70.80482397629842,7.037655437467791,43.238533756496,22.588141293357587,4.50390076405931,1,0,5,65.64382593280037
2.7800604166013207,47.71710774257261,3.8344730998840135,26.43457136746171,61.21586589432291,6.466727531599052,2,0,0,24.104313954982292
11.312781289621508,61.51779723000232,3.255227355779329,26.820158743478085,43.29730498397063,9.528038482491732,2,0,0,38.88819764874452
7.7957597879084215,97.03067105586722,3.3692076651355216,89.24178102389214,7.102456764932663,7.945522944217055,4,0,0,61.116242830034466
7.292841538546309,57.93247223497043,8.839148757459089,71.69594909193779,48.787660599805946,0.4001313053512434,2,1,6,85.26994079413268
6.1522621321981035,88.78611246650988,3.825807385396431,29.53269603280553,70.21643286483125,3.3230991073995964,1,1,4,62.753670808842294
2.7680377406131043,43.19784240244758,3.3160595508860435,46.75423769816798,51.321997582781876,4.705446849512227,4,0,4,42.19596431645609
2.118336384066099,77.07223486175201,6.065299210000386,64.43622454261973,87.21060637465811,3.145175722091053,1,0,5,64.850798733464
2.6458345088421042,98.39048681072605,8.907954303594174,82.66787788179866,28.893701665758265,7.001875608304565,2,0,4,57.20589121195755
2.237259145731054,37.132517061105574,4.836858635425114,23.274569653475638,8.624917130396492,8.262691498625811,1,0,6,29.384943438838096
9.35501368280104,30.58239595590344,5.951988322681414,37.747484860250665,93.65656116580061,7.313450951852715,2,1,5,53.91038587557727
4.201503110000761,60.350795484283005,3.2794577279462587,86.7311742721535,37.8196349528219,9.893332868282753,2,1,7,45.190290022610164
0.6941121187607564,36.48378381359571,6.143549598944131,20.687416263786236,57.64055514536334,2.725476478930291,1,0,5,29.41337033025705
11.629231561689735,82.3869044773362,7.043291564459936,35.10493270954156,79.20031261301959,8.749894950244215,2,1,4,73.73222869913194
10.605430619561108,94.01840646939912,6.996349376265013,91.92681319797245,32.43136638755806,7.666226651744862,3,0,7,91.46107067291304
11.133027398342556,60.38146808961312,5.326986845220556,66.00513848916283,71.61645381776111,3.621787575581461,1,0,1,86.48639113018504
11.938893871757223,48.10981495088087,5.208732264641949,39.62535249781298,13.541884981782804,7.341245436569687,3,1,4,55.068786511792126
2.0867429906338475,60.40823233046268,3.746365332556185,25.02433207968857,29.129374720550526,1.0407595641824696,1,0,1,31.117832483769355
4.754904226831905,80.64134724950007,5.567588244523879,22.11435053354166,14.47106361365199,7.893334823405524,2,1,2,31.94025214530767
9.098861708449096,30.63379131062597,3.6964626821107527,38.35588097276954,81.12305584013578,5.323306025871027,2,0,4,51.19779889468201
8.352247416645508,71.2617792639288,8.366171612984362,86.11143646916828,22.264923522678536,2.9229017270925315,4,0,2,77.23045900433443
1.8467508760782607,72.93041794211653,9.763920084237302,51.19352407231321,71.74035554052102,6.557773017841802,4,0,4,55.99346095631137
9.789997499887413,74.63817728271549,9.790521196666948,74.02500268744947,94.32983972456526,6.41619998714409,3,0,2,75.99224980391386
2.693286862039928,46.941545598661406,9.055497695627757,88.87137765349684,52.7772209068877,2.094862227195997,2,1,3,67.00860076606983
2.685811377871477,79.98369063646888,7.205545045377334,50.60303462021125,54.00291922606877,0.30397414811526136,4,0,2,57.33075651145974
6.443693074720963,36.39740404322435,7.90605988070716,34.34580282780478,46.103356809781204,4.336225869016738,2,1,1,52.311385095032165
7.115279218100438,43.94892355267606,4.9964406187628985,58.78384481426896,32.589014339364276,5.695118693444212,1,1,0,49.818019629383755
6.9610344940537345,91.42290326581374,7.415392941208345,88.10627652948908,47.56550309249171,8.766052783705984,4,0,5,65.98577112977043
1.0978420487730585,81.71062055085964,6.189546846079143,80.32808106032755,60.28075322667594,9.282167956475945,3,1,2,52.56017359818071
10.529530351564564,30.96218878079417,6.374121378438527,24.937238252236533,98.59915721706594,5.288052181567664,4,0,0,52.17958849322739
3.1872005110644728,47.386338225886014,8.304435922626105,71.94296000581863,93.77645593182243,7.538034837685449,2,1,6,56.552981010471456
1.55417905539365,45.00845380952152,4.973428489180762,62.89231418442153,86.21529582931218,4.393032723279969,5,1,3,41.62478317207617
10.664976958427726,48.956442962588085,5.226277281861639,88.05973822598192,88.91305357048583,7.46082156572893,5,0,3,71.63004129412354
11.46781797875704,47.32918391959205,9.472492537900457,29.18610626377229,46.784918329204295,2.0480152493916695,2,0,7,71.61872267182596
10.345531407185408,34.3768407019992,3.3935700639568056,60.05270849034925,65.74443271774648,3.710647348035314,1,1,6,74.74171716112475
9.714192896698536,62.12583616177742,6.399440088893383,85.95970201339192,89.50667229362142,6.3422799881361485,4,0,6,77.55825423134866
7.862903767668261,81.29134323503156,9.389605602855031,50.751784005630725,39.295076499135305,0.1815796560707883,5,0,7,82.8570236516271
6.610288447309672,72.47122073022055,7.272541054727099,56.14961882996503,96.17624783454688,7.22461310338954,1,1,6,72.35611838897744
1.0438411189369217,77.10101680186558,6.824849519484925,25.284550825021874,41.5786062069183,8.355355012681668,2,1,1,22.681029249189088
4.901438556848385,35.68044249753674,4.748209254605486,40.86077303366831,60.10826653932156,3.991416610939514,1,0,6,45.29758722802343
4.472262204147768,96.60434971237511,5.402928423451138,44.337998687671046,70.9804713272372,4.479424171771643,2,1,1,66.29584145985729
3.1170454051239145,88.69442836901175,8.96433891063285,90.88418365586652,95.05920130759384,8.51282212216531,4,0,7,82.05673525934904
8.68104136426302,86.35632229469638,6.914526922379207,41.200052040586925,24.461627405226604,7.756546353260334,1,0,2,47.65364994302084
5.95050882094525,87.60886635292373,6.603195356297459,54.5651551452239,74.61309782386422,2.88149489033375,4,1,7,80.56533993837299
0.9725545908917752,95.2897355692933,3.6970579947802023,70.34783176732098,52.081558614408216,3.2397610656153897,1,0,4,58.70092565095845
2.642198423397736,68.09777762795883,3.112197095185862,32.1637529305908,26.855714062064106,6.788782323905966,2,1,6,43.934740249316015
8.199105163915151,44.019741250733816,9.745796320809344,56.48317903564059,77.66068397963906,5.631980924481612,2,0,6,68.923893016202
0.9135703138836022,73.17485254967788,5.638903171007891,75.39042796069307,55.22222801738466,1.6222957109649694,1,0,3,65.74715797258797
10.214482968585225,82.00170455675573,7.22249143469653,85.01414097702995,66.09738206496758,3.0992990922916643,2,0,7,95.03333055463308
5.941758324167692,81.65421753478178,3.558005512310995,66.969445599682,32.2901068577901,8.999832768786542,3,1,7,59.79421565439399
5.767038927919776,66.5014316916816,7.781800000061326,70.17901364877109,48.1273951827605,6.881744367222634,3,1,0,69.90982457551547
7.108893415914212,34.792110353350466,9.527966960941725,29.471260443842674,61.73542509880671,9.859743176855195,4,0,4,39.30705679023187
9.89617159110179,55.97790569010895,7.029656770981938,90.93323729347604,40.4910814269844,7.670125299807694,3,1,3,68.30213658741707
4.173710494826317,94.45366259243501,3.882807256627874,29.943055811336176,19.837253984770133,9.419744321435902,3,1,2,37.500633467968285
8.136193830708763,70.91142368301982,7.072050692314337,78.10047028863488,96.1640492315304,2.161885738704754,5,0,6,87.7307094005552
6.788783567949492,67.68323602789994,8.364430491732566,39.86122413337391,51.14675400426174,7.714848748169257,5,1,3,52.256290772597026
3.204339242033056,48.81974600675355,5.84491575601813,90.01948577759387,73.39203702877005,0.2021752014779743,5,1,1,75.41143658902514
10.543559836261895,55.79142439416052,9.158864235590276,73.99696545271097,41.10471935560581,6.707600217115339,5,1,0,63.904017141989264
9.569112259283138,92.67422624072185,7.540780673501551,76.53602847337767,35.51317640257163,4.6928227812024135,2,0,0,75.1537079701163
7.901422015901106,76.6524133268785,9.294742428024417,36.42943797949125,40.7164298467125,3.4676007192006866,4,0,1,64.4450714767611
10.206980749130903,85.11709187266331,7.364537178731361,53.22799824763706,40.91966437856498,8.62404352293089,4,1,7,65.75849255453275
10.407530411517628,61.80417961473586,3.9190158040337697,66.33598959419649,54.418011594195356,8.542676926575307,3,0,6,59.578956411359144
8.500355720580417,74.11730536193105,5.167841977736324,77.74802136549508,54.346986998136316,0.22301704898643582,4,1,6,94.00901312212032
10.044159940364064,47.386852612024526,4.412564637767199,27.796953193429218,49.715381588287165,6.09505122449431,3,0,4,49.837060321677725
8.369657540031405,79.38225811984404,9.361785484018036,92.17739873408964,13.478578491743809,3.678322243209564,4,1,1,76.84846283698292
8.161689261123605,59.93209335923361,8.322800471012378,86.7665502915917,49.607547850053116,4.156610015004492,1,0,6,86.88552385373534
7.423336538582212,60.97818603703219,7.734788582370042,40.276144287168826,16.91039004206515,8.320407392187759,1,1,0,53.66384412240171
9.032599674691696,75.4525627203817,5.106764237421352,81.7070182274249,12.613578629576516,3.098397715276783,4,0,6,75.83782962574365
1.9032612635168844,95.53964350282486,4.288313404351495,58.87429422798676,93.26457173411677,9.4304881063762,2,1,2,50.23383523697373
10.570449110387141,34.48044426260346,8.295157615922383,54.6354861171514,60.49500131477043,1.7963382637214076,3,0,6,75.70870967884673
10.462122332942783,87.73202661429053,6.3191056211535575,43.582557935855405,65.94900581245842,6.627224233681778,4,0,4,67.36421731505624
0.35096739641470975,50.46681772885351,4.580526865054404,63.57264399736943,40.179367033336376,6.721050670137647,3,0,5,24.690016331761534
9.909801006777151,61.07436181544645,7.316353847156925,74.74168382776983,90.89808919148642,2.521951614279182,5,1,3,88.55928790272185
1.5464384096813424,31.53393301425063,3.282336964969164,50.819967872206874,63.79304895796655,3.2475060896720196,4,1,5,39.58444279010213
4.021426251109703,51.073225448401914,5.283191778897775,67.1914394756219,76.91698695235874,8.347984925799404,2,1,2,41.316557167506446
8.922099075499293,65.18418698410913,6.279898962137942,72.44846908664778,36.85624690277138,7.618052549549525,5,0,5,67.8491651123795
1.9291187525796984,33.93232541432073,4.035708338765841,73.33413627614644,96.00118808191255,3.2909588031475954,4,1,6,56.65699664349831
9.815604289428746,64.37670105682156,9.892581343135877,23.89745735983852,82.0461290158315,5.339565469349338,1,0,4,66.81834585752415
9.985610135492903,94.89774402008992,4.4636815521273,84.48108542638002,85.39484630145436,0.6168029625309546,4,0,0,92.56533535316119
6.0896128051300344,37.37752526754637,3.912471910302859,54.36899860737859,17.21942674257543,2.0874588239862923,1,0,0,42.64481941771526
0.07663046060200296,83.5108509652853,4.424744117208275,39.681206127216086,27.096320787121954,4.858205588603991,1,1,2,32.7426935925049
3.4444575980989534,58.67697373631948,8.383427932118071,38.132338060976124,28.562659968357707,0.8597373527921159,4,0,5,48.686951688897416
7.4031230205089065,75.86216001670365,5.9785396149029,56.22605846329628,27.090922324687117,8.433323548919375,4,1,7,51.47956610431376
11.774234136329081,48.21656185896606,6.957911578267766,86.51236546017194,85.5408162104288,7.180062101076478,1,1,7,93.0692483296826
7.581762324200021,41.16445837789508,3.1470640989045253,48.37606862619852,3.188479520859211,9.436336706484948,3,0,4,30.489972503117095
3.1176429727699175,41.23238299898585,3.241019160013202,76.22943100876574,7.60999889807743,6.934669059640272,5,1,3,36.704598987143214
7.608068437195336,34.934436195020126,6.120778848789113,27.261404824041396,27.39148706299037,9.404013722621855,2,0,6,20.661809615446067
6.479824556590266,42.99526934308701,8.716586702411366,55.70425266132963,19.987297464944366,5.5451255569096505,4,0,5,50.78175333481542
9.358144741813723,76.49535694922778,9.196672150952956,94.37646052945517,23.185961388284838,6.002186110619694,5,1,7,84.16638286864874
1.283767665923501,91.71834282904555,3.6069459731694815,77.78283520942527,79.79431892533,9.769710546262608,5,0,7,43.38537710515792
9.132334830024336,86.98879799138132,6.76854171470716,35.78963663304597,56.31265938920469,6.421291468642604,3,0,5,62.88653265263289
6.495198944113323,77.95940169121388,9.392607803954894,57.6081105273433,0.5770661292967993,0.307865688607466,5,0,3,70.26495067650377
11.555904046307935,37.730230438777184,5.715809280785205,37.521857273642496,42.932276570419525,7.238027766305233,4,1,1,50.79390866532595
4.102465992464233,50.24312124071649,8.80696081999858,50.717069544688194,40.78849268503589,9.054686921374156,5,1,6,40.44989779754075
7.591462717607378,51.68648127257283,3.9358695807960533,78.50630178012236,11.394526944454352,7.955802497943266,4,1,2,46.54975893202454
11.18433726612021,47.49698624783349,9.54776142767459,77.84186114678027,67.61417886014571,5.838332726254226,4,0,6,82.31420538183663
1.230116735888151,66.05039617968062,8.259963222719119,37.10752834267889,70.20971883794911,6.713035130935163,1,0,4,45.474766745310696
11.246741846837413,67.48876704157708,9.589340749508311,89.16674886161451,72.08932190520977,9.901917892516718,3,1,2,82.50579697973346
8.25462866760976,54.982018261977714,7.736320634867545,64.44261370736201,72.8470945558592,0.9066208850933832,2,1,3,80.05936704984342
0.8140447092620628,54.76524111155052,5.543827523995989,48.49432182215109,0.005282693229680113,6.672448286332395,1,1,4,28.57161029607969
3.611562803361795,87.9988918534257,9.567268207673056,57.64516855856455,95.39208038467221,2.8339769457059383,2,1,0,76.55078936693432
8.498065063743379,85.250499382378,4.9289674341642495,65.38034400783079,81.4208767054663,6.4009039658617,4,1,0,69.63885290658772
0.8082072176252604,51.54570821765219,5.325207654432128,61.99178988843391,90.39816965892852,6.076235758839388,1,0,6,52.8953606966697
6.98604552211528,93.96519107112815,7.905658926012182,56.48037766521337,1.5643295307434135,1.5345683210816208,5,1,4,69.79995376266642
4.150596683435481,96.69705119017543,8.357214096677705,57.86996030670501,93.38587957857393,2.0674664574023915,5,0,2,60.74887907354923
7.450986213209726,52.87197794210286,9.505824386944077,33.230893282091465,80.97885286881046,6.2162957804321355,2,0,2,58.972587275946175
0.5489044057501542,54.80974641551384,4.433616863393467,80.95496782285096,83.72191429586987,1.2822994730377413,4,0,0,47.30263247531867
10.458441673828515,65.39439073953712,8.585986246534567,60.632023995576155,9.328738472196852,2.6518087513032285,2,0,0,73.29525710539126
11.681867630128764,95.87845687735715,8.169822373778743,29.83098962785273,73.87780289185977,8.352455477380024,3,1,3,71.82531032158121
11.626534263428297,91.34236031996181,3.446561893775185,77.46178261870836,95.9916689642091,3.270915060016386,5,0,4,88.90898004724119
8.995821980915096,37.179757380851285,5.710561988471449,89.93329837830132,67.85473414181607,4.880601562696629,1,1,2,81.34374120472052
1.5610348815675836,57.49115202899914,4.97935819942069,91.04801744277216,57.05614046246065,9.411403351458404,1,0,7,55.10881238359904
9.09915835114827,68.73598328248403,5.131432970478213,47.67632993083795,94.5629677748997,2.271490888369463,1,1,3,85.62770592443164
0.29504299750561813,65.2192730786078,9.880628156882906,30.163765517056554,44.2937121734436,3.896260173580104,5,1,2,39.475824683954166
0.26548261834796705,43.57041475558249,7.499441894359495,58.879971997479885,59.92935663104787,6.064577755435456,4,0,0,23.072525489169198
3.883322629794495,90.11717398177083,8.023733104554497,28.44569220119155,47.63382934943662,7.553389295039722,5,1,4,40.58979736955456
5.863718284855989,77.3858548097786,9.836323461205065,90.04905638844629,93.28462213602991,9.016533867127052,5,0,1,73.51019868049747
9.244889013693518,88.65358623962625,5.640412477203471,33.76847205163595,7.608472676550726,9.154729875735152,1,1,4,54.323299452848424
8.199544519278062,90.11349955446306,8.61288117916964,38.9574394963373,50.11197008253482,7.76640074372623,5,0,5,68.9951564566408
5.35083247652098,82.38490975660179,6.041716743131468,50.49773951637278,68.69524413854383,2.283308365933104,1,0,7,70.70905646788798
3.2835199953799905,60.74474208748021,9.086735702704859,48.73733514193444,79.1906538422237,0.24809330042565803,4,1,7,83.84487191004001
11.965494001892534,72.73827285107973,4.264602789179122,79.59971692984168,58.301864744413635,3.837739303556238,3,1,7,90.21570359935146
5.114175626831676,41.22557842838202,9.633803239449957,54.223761541322176,90.8917744121454,1.4154885098782333,1,0,1,67.26814759843559
5.416644291956105,77.15517922324354,4.531401958876158,32.80761950025027,94.19914468838716,7.1038764743829805,2,0,6,46.72522786392016
1.9634858543000302,42.54772790174965,5.28354354886652,40.040742161455555,6.4319223193583515,6.611305868257168,3,1,6,32.81079763233563
9.537714584999152,78.57647133571098,8.293345638747464,58.183503889064156,40.23705395413744,0.4397164162145484,4,0,3,74.83656240442316
8.324186709377864,46.07187125277781,5.756285990957847,31.05904380696012,2.345902172115444,8.365937791309511,3,0,1,28.8202855081131
2.6492353534651247,38.2285910105154,7.257479637365127,65.87417567345105,32.94166573744429,2.4874326629118224,1,0,1,50.99632755657724
0.9885725473901124,41.56991431000702,6.112014507485999,62.431047991335944,53.68682179706021,4.322270754910422,4,1,3,30.847039329242968
8.165991624896558,30.13944946533492,8.196589559628473,73.60267372866932,91.07949305099488,6.679337354557424,2,0,4,67.4132457120578
7.854134571373622,80.31177324974712,4.598318766580276,90.32784615345257,84.65543224654029,4.294187868522533,1,0,3,90.75704729604738
3.279114323978512,81.26807343408655,3.409205910658139,88.41909208258667,12.749972667198573,4.412878027999434,1,1,5,65.52408770643981
11.410362747004925,66.04533449392815,5.099505782311464,90.95567135516235,9.303037474089571,0.6562799533574037,4,0,0,78.00787273844946
1.8126947013708028,41.29539607387686,6.320160654079012,38.35366977677757,58.926733875666706,4.014435492600038,4,0,6,35.50239690197503
5.1880176125112225,35.84880362574828,4.1761403653487505,29.867397997951596,53.211797245878266,7.6484789321998345,3,0,0,25.18661559057993
11.323391042011187,31.33902765061009,5.48358102759472,42.67075253723364,26.637764143002386,9.151763371865977,2,0,6,46.41375213964725
5.036727803113468,41.60237238756545,5.799881128054979,87.13138795747359,89.94530845538353,4.134971370633718,3,1,1,68.02990351148476
7.662311371969027,92.35988744882027,3.401742905817915,92.90401059676162,92.73664094615535,4.235858268790789,3,0,7,82.27758609031571
4.771132775553531,46.907578919117725,7.083150737289432,84.4493713302857,40.261143834016266,7.026271063236521,1,0,3,52.05493182211596
3.2905824281840403,54.7989929052051,9.190403995799013,28.251329084565768,89.03025571135203,9.427720011052767,4,0,3,39.87553061061506
11.807731775517938,37.37418391369332,4.062200390671367,91.05709985448449,38.39488942629726,2.6706094023936022,1,0,3,84.96063726562926
4.912008075780516,45.56529133237192,7.184656093810598,51.751852051308944,73.68168318297002,4.401442065379369,2,0,7,50.17496219162046
10.729190444149612,66.34571995461437,7.653174434375924,20.698271807176525,47.59422175477241,7.959732435523011,3,1,5,56.18153772907769
2.759455270693034,72.54268781669568,5.935342762935019,53.17953055611452,12.258315650718298,6.096935693740385,2,1,5,52.10627611558728
2.5572564483009996,47.17466199163478,7.90768311154989,23.455187725660068,92.79342012370215,1.1058634396395473,4,0,7,51.09404254772929
0.3736089946141363,34.0412511457582,5.875120804437085,60.79084408708382,45.40965933775366,6.277327355622657,4,0,4,26.60282392936335
7.820001904510621,57.37230083891791,6.532461015842044,45.39155205777885,73.44870403224036,1.867462845973269,5,1,7,69.90558962854283
4.422316124685134,46.39423596484339,3.051471311880989,55.507620019553656,36.71738144312921,5.102159340784041,2,1,2,42.93024828436364
10.372298998075644,45.368774626086136,7.842040798942822,65.98777705573377,1.888087857623466,5.2910326766043845,1,1,6,73.58838560359932
5.678518880298686,97.19039618994186,7.629398752613071,85.16008218633652,10.05303586918359,8.762033622249849,2,0,2,60.79740303670679
11.61832113497666,73.14103401480068,3.268806141284412,69.64261823539465,49.62194794899244,4.624942740124381,3,0,2,70.50431394500701
2.2263061884374538,68.98149102204671,5.577750751765931,52.553665135863554,68.99643571263624,2.794424222358942,4,0,7,49.1420644045316
10.42347801546733,59.104257246632535,9.853222885541673,81.45708902527738,33.473532657927905,2.3096634821603157,4,0,6,84.50729164385001
9.3191622335009,60.0261033401101,5.945155937980317,87.91866031798492,69.54884591776504,8.74251876684336,2,0,4,64.7955400320165
9.251062135728624,67.86335026866566,6.513617835922892,28.98199748241479,69.8635589431956,1.7101085441822839,2,0,3,69.22106087844455
10.137398737402652,78.75008649252752,9.36951110711803,59.89497331645936,70.39359073278308,4.2586856088314375,2,1,2,89.3632939989902
9.132287891315986,79.15022673272806,8.020833131060295,41.338396980683314,49.25218540205084,1.87173114926947,3,1,7,77.32006303555987
7.514643859576985,42.01857353938147,7.074490917869565,23.529589840771056,91.4886150121504,7.733040401143754,3,0,3,35.72231000491841
1.5749385321886509,65.00789264536388,8.584632769387508,70.14100213354891,48.91965179806156,4.74372639974619,1,0,7,57.54309057011365
0.390314153895023,58.837066652387136,9.050563865191812,84.70780830944192,45.026519349663815,3.5114369055681207,2,0,1,63.92755908950606
11.050174173788243,90.93688763885689,6.198216502160868,32.217699085804554,19.9380819010627,3.6109964062646682,1,1,2,71.13858678411432
7.3998037742488565,74.19932448528635,6.325758554522848,80.93102432179253,30.765508735633652,8.522142067229794,5,1,1,55.66933457885857
9.558447491714116,67.27528464911873,5.70235654956285,84.00468001527062,4.233449251830335,5.537739542944381,3,1,4,68.51590251635784
5.7782682181506,38.07762495252422,9.766942980129224,88.57553319998627,63.35352936161702,7.178678511312636,4,1,0,64.8825016566856
1.4076982675487337,72.39465225263879,7.880163780032452,39.89638168145393,24.853574392709287,8.970385162506846,5,0,5,27.32024360028267
1.5022295064306053,38.20427339761634,3.582561463456506,87.7964798892417,30.41552544854651,9.01741676040642,4,1,6,31.83645656177444
8.226783446747657,53.60446028960264,9.04071736319113,44.049706605232416,77.08145216643211,3.2850905433786313,5,1,7,68.01337345474163
5.163670738793552,39.99893753700323,6.363919585853877,61.42535100916271,32.72211831614539,9.524512631463853,1,0,4,43.12575887762108
2.4062967204040406,78.44515529170582,3.4812773449574124,23.78806031242116,24.219589201314218,0.24875882014605444,1,0,4,46.236447941854365
5.8991345608972425,44.43764796853068,6.848020786143177,23.29108162765577,16.905774913370575,3.768355610161657,3,0,4,34.64298206600181
0.770507244901609,57.43015612316182,5.920149952829915,74.02799095491523,77.48584021819559,8.957988575088416,4,1,2,44.87440669826046
6.983656822972785,92.6972344333145,9.144245834038374,53.33599834833433,12.970625799002688,2.7463687981698293,5,0,1,61.49925758029785
3.227920853221172,44.30214683792792,4.427962225265712,39.22192815269132,45.37537602503535,2.7308145032131836,2,1,5,35.20528834464346
9.570709207646258,65.54635447711453,8.78525226644528,34.281012201868265,50.69301160771944,3.026222850818887,2,1,2,80.1263441415905
3.724343507082885,59.349016281621545,6.903820838298169,70.24651181444136,68.73899126857145,6.123133848469222,3,1,0,53.09738163565818
5.462641788981614,31.26868287320108,3.3822721224942836,20.03011580190049,63.32834823329955,4.383327756143538,4,1,6,38.6012546269298
0.13944647889720763,85.4930679500969,9.802917109278393,80.44183768976407,81.07206729451748,7.267348363533426,2,0,6,71.46140260403621
0.8693626535347065,34.83321344202198,6.588306708722399,25.94372045974466,4.475143392623815,8.949106425646658,3,0,5,6.764412532486144
4.709922676880218,63.19785146838675,5.036137979621078,34.36172111810896,29.64407247793972,6.741993749428606,3,1,6,44.09278453784001
5.759266016605482,69.2474806457265,6.285847893924807,48.967729647431725,28.013411877537976,2.044667201975755,4,0,6,65.82595968351293
7.200246577431645,73.9898519630211,9.005004484622422,56.36440547870777,14.601690559210823,9.326819023605022,2,1,4,53.53911110899605
3.499950944511639,78.20421405155129,5.1343218706954445,46.62463368604564,28.917825385644313,2.644928733474785,2,1,3,61.76658884634444
8.33978263351851,47.72906684659006,4.348734775406902,44.05341237382204,30.976531414290342,1.4989429532815812,2,0,0,47.72685142721072
10.321468766270455,30.698514366091455,3.90349872851617,92.29370090548913,52.188446192747826,0.899672788609609,1,0,1,79.09053521558924
9.358211866720197,80.64105636484385,5.085015788731479,68.11847609325457,66.3704478926256,5.633837406661656,2,1,7,75.26720137522582
0.47542590418028574,67.49596195433051,8.460336609280304,21.757471652554116,38.110051361181405,1.137624624806518,5,0,0,37.770485305878424
5.766083367093947,88.52823922450742,6.301384556366832,52.26319313332349,71.94702313133811,1.3877588411263075,1,1,2,71.58354547065606
1.2591621410180984,87.4971854030486,4.59237122585478,85.62565248079777,33.616533857958,3.0003048059549666,1,0,6,61.23466965887731
2.9045401903503296,89.03283174515182,4.1632949972682445,42.60921398080009,29.028367731476035,2.8165300968446383,1,1,3,48.72333172191099
11.839951119205757,63.95662619856781,5.329106335572654,27.091725858079116,54.11880558570243,6.042395103321423,1,1,7,63.37413750637286
1.7099465148181587,53.3539877085806,9.579470610199962,76.87885786924383,2.3716360305790607,8.167452794726815,3,0,2,36.581354824135296
5.986657841416273,85.40907418139591,5.401186988130171,65.4510373952061,7.9789123634000365,7.613496562028924,5,0,5,48.50006382486164
7.41786881181743,61.590587912047845,9.916868531682447,62.773438086987795,41.796954358652705,2.6248445471647672,4,1,4,76.16853300075253
8.429579646529248,42.840953748240416,6.396613190357494,24.018241970555593,94.29127113917565,2.4531049798597993,2,0,6,62.56692966439912
6.715784201842969,89.8481813693032,4.254147428031056,30.5374257346638,72.15117798434237,9.657915301069677,1,0,4,42.37324182468014
0.11725016903020391,91.77919137406431,9.237980642554565,66.69120471598353,8.812656950055775,0.08236241591960125,4,1,0,58.632849831429766
3.9175356989279027,62.64168292981191,6.222487611943788,35.58678810941269,84.63180127808737,8.797205330602157,3,1,4,33.40774344317842
6.212539720616537,35.29898091168512,7.967699404531671,57.80525598113182,73.2300770608181,1.9972851912240497,4,0,4,60.02435777486196
1.0543979897380003,57.14782629418519,9.885981082464063,60.86612645220451,61.09465257026532,9.472843230897679,1,0,5,44.32898257045841
4.207523174510169,86.24763616238224,3.3512274522398178,41.263039270320455,82.02929606091773,3.423072848275197,5,1,1,50.692804342215716
0.3984373054963988,93.124181998236,3.67686191851297,91.13188666561197,40.41098477429571,4.403517738932523,4,1,1,53.42235247342902
0.9429419658602489,44.24309197483171,8.043197190239294,83.18480801266813,22.150105085385274,7.0712061394438095,1,1,2,41.31921284755623
4.763079314419153,34.68815284176901,4.972775023068304,74.17801307245989,51.20233891087593,5.876690514732603,1,1,6,59.86463854002935
1.5925890485167242,91.41453171929871,4.290109778650693,25.849539980705682,54.88417555934738,3.179393297068228,2,1,2,44.17588482384483
6.810490179138698,57.25834572852127,3.2755331587381065,27.95975144817646,53.83263720099121,5.538309158678235,2,1,1,49.24571969539861
8.27357962964719,67.92326749872943,3.152926983903413,56.95860093987168,56.50737914801053,7.307068843628862,5,1,0,40.20700749895943
9.607040389308995,97.76460684355312,8.421399221838536,32.053501189323924,94.87049182391807,0.42334945902492094,2,1,1,88.05529120260056
2.401802930937721,34.6595309539956,3.94103399158685,93.36990976471056,90.22456230962314,0.11199305255704117,5,0,2,64.40928158887635
2.009790987108837,75.38226052164669,6.274044311798056,31.88901755205571,87.57170365589394,4.580669390728913,3,0,3,42.32296287841911
1.254814084012803,35.187379580240695,7.241277706256382,56.56008765979805,80.14168109086272,1.318366178035142,3,0,6,49.81122399187544
7.63716299452364,56.28282499265502,5.998462603981924,47.309079263112906,94.34281072652854,6.643442914647144,2,1,4,58.25345216321238
8.477708717842814,86.26701816354128,3.189746566353632,67.95398160905734,9.849464167940326,2.140524562274342,3,0,5,73.55326732443574
0.37903373790770445,60.34305629289441,8.484510518115362,29.677730666706868,26.51232614457395,4.328511067956709,4,1,3,27.06120601262136
11.234546954924278,99.80276477320653,3.0735925717915746,52.27373210317932,49.50559456545849,1.9767093687426895,4,0,3,73.89643630097409
0.6236554038176689,69.13414994626216,8.333229260642387,40.60287746053577,84.65344931234053,5.484835857491245,4,1,4,41.83251345360342
6.495556023612846,52.48135068451674,9.253131456516858,86.5813643503766,50.51657115227325,1.160534593845689,3,1,1,77.92448103320396
8.508726233410997,45.40779281333272,6.029879447400206,23.043928410102133,74.80347393415887,0.2310685278748026,4,0,7,66.3490195071384
10.451629484953028,54.53643740003133,6.748797311684587,88.52956205048444,13.895990524891621,0.5113163810669719,5,1,6,86.53316388409988
8.569043185589134,56.07732916316856,6.3388837483235765,82.47456039147502,25.24138129765602,9.5425844151531,1,0,0,57.045760453205446
9.620736996837502,34.809957440677266,5.724460330364072,42.317803733061155,73.17760950376724,1.4228621861093582,2,0,3,60.44297382391021
4.073402310513673,55.87019395987412,9.211971747592521,79.19679910078285,16.473400888772403,7.084782531368353,5,0,0,50.17533422638236
9.777901364958147,62.49669638174574,9.257534574689934,22.341017025406067,35.135593465492676,0.6792620422282625,4,0,5,70.76906178260523
0.9613781566161017,80.59164265671632,5.350714552490741,92.51491627200453,26.48662578135714,1.0816035223518217,1,0,5,74.90316760466247
10.737799872726331,75.97106393051256,7.305488278102886,59.4946206942342,34.98616942224785,5.088762514093347,2,0,5,74.78579830164459
6.571108513844835,79.6135958660408,9.488352935021048,42.746076954908396,70.83240490779703,4.648709301543437,5,0,2,63.32669166755643
9.807573239549924,30.585457731379996,9.73440949258946,47.193740944600776,36.7847181142801,9.515803094398695,2,0,3,55.69171805618088
5.427819414219602,45.23671797063752,6.562713282954332,24.9804015095373,55.52633226079402,9.448354530207373,3,0,5,33.46655945519868
7.7229323423583,76.31790018798995,6.169773636990287,94.20121355315294,9.993187705440965,7.796086425424651,4,1,2,73.2390103960139
6.3168319312333585,63.8792557725823,4.9508602114996805,22.946895886301935,80.50176932346278,6.0210183012734975,5,1,5,36.96036074217166
8.779074261063982,30.371943296784217,9.71210311233287,69.11803423608943,36.988862564812486,4.549603173930111,5,0,1,61.98787413724323
0.9795597843670749,86.31462497022756,3.9997001313100715,53.20519457798437,64.85341590333424,3.5617853432842104,1,1,3,50.901847719529556
0.7242250078867656,84.09667013032362,7.058807032334075,91.16871636415362,72.53896016618326,9.470875469755555,1,1,2,54.000680217212114
2.9652388081217573,68.38934140954939,4.977851872630472,38.44998052300964,20.96609221117004,6.029088114246855,1,0,5,46.370189217257476
1.91453616135826,34.65243280433905,4.953058032434576,59.90651179535085,88.467498495335,5.790725276859945,2,0,6,40.99116342006651
10.46140279910642,83.65605346728093,5.83478011163332,56.17671564370647,61.62242516069529,2.3190112176891486,4,1,2,84.17244384767746
2.630567848296532,70.85995114119547,9.991550550709583,72.7149833037576,42.87251417514815,0.4669781788511307,2,0,5,70.4941170270085
11.710383069829575,84.73719840105714,3.3847641478787542,25.100767396431536,18.233518357821954,9.451885797595445,4,0,1,44.980404442266234
4.042749501253282,82.62228946770884,7.0497927274247205,34.53418475175161,94.23009379012068,3.1373525884465394,5,0,0,50.74010281988703
2.1854149882643914,86.21014503704859,3.5780051062469402,36.09236150696374,75.50682041316252,4.425890233244587,2,1,7,50.113821413783754
9.47638208570975,66.26056464832374,4.081645809933633,75.36130661312673,20.802456273324886,1.1463994358570684,2,0,5,70.40563100026894
7.904493306010513,39.82271627354605,6.07694059241029,34.18540222450551,33.77107747242245,8.36924329909292,2,1,0,37.246052954361005
5.978348597437668,76.98102313657822,6.573220919425089,63.01188229182325,80.96742580880732,0.27631832855930627,3,0,3,73.3246510082847
6.664362611251574,73.43316495363794,4.811546858551668,36.14328653757153,69.5677663215339,8.339907620990965,4,0,1,47.80658597667444
8.630421339267166,81.9577231039361,5.2151999161209135,84.62187125629838,76.57842927157243,1.402850127879668,4,1,6,92.20606846777392
2.7414568959755847,41.891670423551474,3.6087691417915315,90.6639090867229,44.12011022129324,8.865641126311521,2,0,3,36.350858555709756
11.956006992680903,43.648263993020244,5.122538486909754,58.88697312066803,71.6476262642167,7.297726373361574,3,1,6,66.90637479792936
11.697517945761398,92.32866620535299,9.765909075663808,46.42316631568837,38.64937228639137,1.646702625073051,2,1,0,83.44356659461374
7.803908236163243,82.49844589164496,9.612951671707371,37.554333126312436,21.126291693819642,5.658179928594681,4,0,1,63.332917097264676
2.3945094111497416,93.57599420902261,5.344148030958895,23.733575114228284,63.26770348413599,3.1265631435521946,5,0,4,48.67791986899456
8.162738909175495,83.11007248147445,6.995977553951331,40.13750571481215,97.60139255987941,1.7823309891158345,3,1,1,76.10130884115353
0.8663809077501101,71.80087141932114,9.367167737776612,69.06768349589885,31.06009713953296,8.591821994111084,3,1,1,54.511183393541
0.3678300264696728,75.78929159195116,3.0432867584862766,60.02126984819081,46.09695922125396,4.035227665072294,2,0,6,44.079978784242776
3.092194662134564,92.2389546758007,8.674784992363143,90.80309587106956,67.40013710698535,3.985437143653825,5,0,4,78.35543635721777
5.551475480871796,70.51647281583584,9.638586869522433,49.72079468687754,54.15062821224878,1.6988667480662,4,0,2,68.98278122864252
10.419270064900566,74.26739270298711,3.6392801403348995,72.03975067462959,84.34277957090492,3.830656760857787,1,0,2,76.64118551172035
8.726028837195695,40.95337012025204,4.130133802230447,56.699206060634104,76.1742706469516,8.716168463288502,4,0,2,45.42291168465675
8.912478254399772,63.17448540812719,9.725224119399488,58.44321619431587,5.829720386235704,3.631287104896359,4,1,0,69.51639104124368
5.105920013376904,80.14779783706692,6.762781005482424,40.08307359530881,99.8421233923774,9.51603562499788,5,1,1,37.52963630417652
4.1512199105635545,48.96598888214558,3.099376441302066,54.12130826314998,75.24024537194673,9.463088992083875,3,1,5,38.75806639648182
4.452465155815233,44.157792636717446,4.8034239913447045,55.30887477595304,86.39033162941132,1.4489865930734602,4,1,4,65.17600934438006
11.851794764832693,51.967876575709084,6.149605719882017,72.99818913117005,65.11977120953463,1.7731125352264487,3,0,5,83.60543702189295
0.4813102969497898,46.90504395949834,7.850362377173374,90.54799993895854,85.62851280467623,8.626740703318891,5,1,0,42.00080142096794
10.404377953469382,45.04388459254771,8.132122646957598,44.69909581118782,11.238297492870942,3.927609189247192,5,0,4,53.54560879474617
6.944104902868721,59.739559000766086,9.967950590478193,23.165035143597382,34.77378355593156,0.04373982283009337,2,0,5,65.67617050527987
5.263385030275085,93.5486959718474,5.0125783956863135,57.22213441254798,87.64209436044928,2.73871819705371,1,0,7,74.11659170019352
8.703091924981639,65.49417527171028,6.767540713079327,60.834599911187645,20.165521126689224,5.976289931955599,5,0,6,67.85127154488879
5.840027297096434,43.15442665707261,6.733264835017235,32.63304133489365,7.824209858002273,7.99265965959968,5,0,0,21.778777605391987
10.481078856979927,35.38801685666118,5.839516816130662,77.034845470705,78.8118939945219,1.3338861709325955,3,1,0,77.92867132860655
10.808422368135101,78.73093015965478,4.184133256896941,93.86968313311188,83.54861556432962,1.1054136441673534,5,0,7,95.41797315880088
5.060651122481465,56.79591351054715,9.842195942286898,90.93310377563456,16.26522181899006,9.220926535723317,4,0,0,42.321201988829344
3.321933566820619,87.52816626097515,8.973220306666104,34.78295291177391,85.43459827827155,7.511483678225827,2,0,4,40.455280083681075
7.108203943120347,76.16575380485392,6.48833119805966,85.65224299255705,68.67677955971696,5.8977960077807845,2,1,5,72.74936477912361
10.948360147400292,85.73690153789579,7.222717958788209,72.83702273087636,52.00826832165839,7.691867899959281,4,0,5,77.61002962698642
2.527946268067999,49.03622275929141,4.590827374917636,54.038492285518366,83.0250192781385,4.288543613066384,5,0,3,40.248687096553596
7.475599002761793,78.46512457227408,6.8065094927422285,60.545824574354675,41.92492493189658,7.584557473091266,1,0,0,62.293836065488485
7.578722641110247,48.48433892856032,7.86479093185033,83.72001312368437,19.39939562233972,3.7180299127453575,5,1,2,60.036041040612666
8.797356268983371,95.7347935615204,6.606169198706121,56.010120472877986,28.485267661061364,2.4409457249260234,2,0,1,73.0663014460941
1.5788122215271176,74.5461997073362,9.93199619409459,47.99055268288451,50.51640182933148,7.290134212929686,1,1,6,47.252246028540014
8.589899576185063,52.71582601227395,7.279391593734084,56.99356197694893,53.13307926731758,4.196722921572683,3,1,6,73.40443432982923
10.908390247987692,48.865830360459086,5.596815988145183,63.43473530262868,80.55808264412336,9.813771043261948,3,0,3,51.69249628116548
2.1561973064429036,43.36486095501505,8.405064193310867,34.18082403337616,79.13527236523345,3.49485182308101,5,1,3,42.8338067271157
2.8505198990865317,78.62486712256094,4.193237581071495,87.5680797700243,58.13665572045748,9.217274205310659,5,1,4,48.99875094572779
11.656741128499675,45.31009290985491,5.691610695943866,70.56402116222104,78.07854833654764,9.329625485670794,1,0,3,65.14625163742897
2.1717234325138772,71.67122861492423,5.428712652643101,67.49516880031166,19.1773458293671,2.4185294706474614,1,0,5,46.017307856119544
10.252621120434949,48.52445188477502,6.022649665754441,27.46221696354786,5.006452709329434,7.982211815880134,5,0,4,46.39896729688697
5.9073342773764175,76.3378261355708,8.472458781501084,65.3130453629444,87.36338226347002,4.330745051445652,2,0,4,72.35645092245028
2.9667728928381245,87.04578099783774,6.389211225143852,29.072049667886922,7.5554493762769575,9.17524727230348,3,1,6,26.270596133311074
10.448998815270137,84.46176702012572,8.558101151861738,25.90232563965493,24.66884297439973,4.5012427263523875,1,1,6,79.28974616499929
5.343663060031986,83.25959316515471,7.035422321979061,59.5483171731795,69.53189496243846,7.443037173373661,2,0,2,61.424748084608545
6.177808247156282,43.140568398457646,5.394486042602887,50.20891505348712,40.94479376273091,4.669674091637979,5,0,0,38.41861461681468
4.310800432797189,36.18694628891631,8.669851205784308,64.16077026171675,87.63139699155089,2.2780075571285616,4,0,7,74.39631639310507
7.115410217219129,78.92641799411699,4.668027693871641,26.691662604292894,29.797979466226955,1.993501289446863,1,1,7,61.42042526018918
1.9622864710202732,55.78430496560459,4.5706808585985685,52.32372971354438,1.1871346669359295,4.254311942563456,4,0,3,32.46360365918585
4.692978439821129,60.26423584823431,6.53152046838385,33.109003628386844,30.06556405607441,7.55494657014215,2,1,0,38.877325230142866
11.63294786802345,32.18043649553737,4.825944721734622,94.03250644430874,57.80750491848317,6.050714851807668,3,1,0,80.17791578361599
3.0976011924135305,48.170351449253445,3.0636092446585144,62.08626593263808,37.59383754032933,6.886292899005433,2,1,0,24.913514523223114
7.880839974495506,32.35734827121248,7.538082691091611,71.55776457056504,53.48727557587553,2.8232635073194245,3,1,4,83.77950198867455
3.9022807706963385,91.54300408208734,6.577656750306787,44.406371051195585,87.65981188350187,4.814353459576055,2,0,0,61.173813375781144
9.281677508239207,47.03776782529714,6.118624701452129,27.10541860845081,91.24850542303685,0.44395264969327,1,0,3,72.56023332989379
1.570483928620198,69.01360187011056,9.768779602328207,93.19031470876524,26.59740646541121,8.175324159581207,1,0,4,54.466511838890945
11.637852540942536,32.72855244627913,6.998394287740396,41.46942765373874,46.21404732699007,9.898921622398746,4,1,3,45.27723421570764
5.445474496603671,76.67931739139607,9.044021044525692,51.78561388801806,54.91440152414512,4.068790626246709,2,1,4,71.79109573044147
2.8326055601575675,52.61191420278657,3.976151653436121,68.73979412769313,94.9112456888247,0.1096365313154335,2,0,7,70.29902125157453
0.8819609679601519,92.8543430870366,6.984445241905994,21.852297326458345,99.86173191643847,1.6979263955094737,4,1,1,52.276017102844826
2.037094861050489,92.1682732253825,9.07585738711632,80.76943478879652,23.540724884152663,6.525268777504189,5,1,1,56.31996718166709
6.237287382672212,52.77034328532234,7.081740300959286,60.24336425214652,72.69798713458154,6.120793182038592,2,1,7,68.91230163448404
4.044038117175436,93.06726269833275,8.02609924688901,40.86628903016166,37.80310622331952,7.878647195855439,2,0,1,34.46775589028499
9.946600390591314,99.73103714491452,5.604304974685451,24.620598896935192,0.8108196886213226,2.538840109610682,2,0,1,60.19723534538396
5.170650283941671,87.77909648867637,3.647146619259466,32.18738116058311,0.9252522435902355,7.636319155471341,5,0,7,26.217886726471356
2.984571271051559,89.14099434286604,6.2053020658895,87.12753941400777,46.05660075622558,6.8798402152366975,1,1,4,66.11808981631164
7.40573983924836,47.430611527636295,5.7613557358720024,71.45181679519183,48.833491300433465,3.2281449771384327,4,0,0,65.39977400418198
8.48132660262535,70.36916792004294,9.069421276652632,38.742629122766736,2.2569696573442655,5.45488148056962,5,0,7,53.324834507781006
2.0045028948113983,34.70791397771575,4.707967116467305,24.920057370877217,68.69274167743025,1.4727380849832672,3,0,2,29.871936143927524
2.011430595459812,36.64425557751688,9.767139592745757,71.79614842899772,29.400338859495314,4.5256450343558265,3,1,6,52.5997309102957
0.44005712320251567,99.92248284233034,9.706966838631473,62.93057944758238,55.98931015359494,8.811973395556409,5,1,5,47.234687539978964
8.836824180787687,52.86474745981377,4.733421501500071,50.33896433436763,30.091907316541878,4.211913798253908,5,1,2,56.683682704104285
7.965654331461661,82.37287384341926,5.436363688341244,47.27085868925479,16.71343148693072,8.39566706475422,1,1,1,56.23945867947049
5.695570508997767,86.46655371187715,9.268890186117195,36.26107069468312,40.71737385988753,5.902533652596944,3,1,0,62.702037508120675
10.130045387630366,90.06162897050604,9.766355546272752,70.22084424031382,23.227336479050077,1.9187671310235677,4,0,3,82.62904313226339
9.668041835400638,99.83398081815096,6.104073719852308,92.80010208454028,53.480097691916804,5.811062446978964,2,0,0,86.04223666928102
7.024252372761026,46.90475396798075,5.246979319486284,33.178643437761934,19.882853028647997,5.0598332915706346,2,1,3,50.106339389561235
10.419255366159103,32.82455788017898,6.682658092760795,64.78374650116275,50.840597664462706,3.98641335196384,1,1,2,81.6045311128913
2.470094520441219,58.78340625962102,7.814384444560144,51.81387918094822,15.737851486886756,1.1963043951607033,1,0,0,46.83902059909584
1.3430354327727345,39.105646888026286,4.914321607624858,53.501654130849865,67.09747094857849,4.167086638472298,3,1,0,27.125476392228926
3.2369953382038754,31.569812241343858,8.15531222233351,39.06104600958608,75.39376844414241,0.7276237623962711,4,1,5,54.947731386521944
0.6850422730717782,55.229877899904025,3.3616014998024872,81.88511567460642,11.039423424993377,0.9876905139875125,4,1,7,67.38678691649984
6.374034336012384,84.86167757526655,3.345061449350915,56.394170311043084,46.78024120373392,4.15916532932716,5,1,2,49.91885556276127
11.239268307539538,69.63264838575496,5.704013936018816,60.755438914869806,7.087170065487358,3.053814819684637,1,1,0,77.38251488652703
0.47212248802211576,51.894459244724786,5.474312344425044,42.857068459799436,59.81824455420024,9.255443258622234,2,0,3,12.1916921015972
1.4653189681203216,75.80394038449037,5.209432507570066,33.63563492502123,26.440429792964537,3.757058053802705,2,0,6,49.94644651522559
5.426388339401223,46.24127262161675,6.43713833868237,26.44327911521154,52.76244568387079,7.578581220721001,3,1,0,24.23412326988026
11.206500210334859,31.00670122504595,5.245135076180999,73.55893556936869,51.746100938429116,5.302475263662427,2,1,3,59.45778194059684
3.793873259721006,83.50473705054992,4.345805429276643,34.71757112658917,92.43543461938005,7.040856686423354,4,0,1,38.25568445805335
6.086817704260709,73.66201594048064,5.166286843620206,71.75565156415982,54.90832225687229,2.6011598301539918,4,1,0,66.19036032399227
0.49887430860470516,83.3611837150672,9.824329909671643,49.27823345352154,58.29984797183157,9.41904972838329,1,0,3,49.95958768677614
1.7801184115450663,32.72566116813659,5.87779391896394,51.18311007422386,40.165312576438026,5.3008849691442395,3,1,6,43.55636447138368
11.839561475506162,88.59837394814565,6.11298943800835,55.188312206957875,94.90796031828168,8.313240712852497,2,0,2,64.19857455651032
11.581424357232546,73.36683400254122,7.03581492965798,47.57813810956574,77.71859094396096,3.650456934761135,1,0,1,78.83699225383782
0.05927977121291539,69.4376745498848,9.883385378899586,27.546498291694256,28.540529030284155,1.0021134905052453,5,1,0,37.7727889196337
11.421741425078867,73.72298336801721,4.691208935050341,43.222385750213434,84.42095857762321,6.737116477208488,5,1,5,60.291768343950956
7.669439253786004,90.51032728078549,7.768974773727036,69.78007705204539,43.239636018508996,0.07759648337424485,2,0,3,89.28770392211324
10.415019534240265,71.0855554591235,8.01189285479207,69.93383011016533,82.8667143533594,4.752929765655082,2,1,6,96.4792785511241
5.456878267606309,70.66652659217254,7.251270917551461,41.46682304299958,82.28880682935021,1.9280190266645925,2,0,5,63.99508218106263
6.187152342951003,99.3475409946036,3.6200483774565084,54.5076969918266,18.88701867628544,6.273755044353622,4,1,0,47.0780844241348
5.866158963083042,82.97111169479976,7.7381059307930355,34.50854210089531,70.1141131383577,9.794198731378522,2,1,3,49.10416744607199
8.002371090553252,60.96056638157947,3.4486629772532282,35.77790611473768,29.06429693065311,4.644029063206459,5,1,0,38.65464037778
1.6758150570757548,79.51779000230493,7.1729985468492785,21.728531630495556,29.749266999266823,8.174982565256666,2,0,1,23.450014427861156
0.35968307847213543,57.2461330184252,8.177068240552199,87.25599124308084,29.634807688058075,5.077841869511211,3,0,6,50.66564517349182
3.695159299094291,46.021282373844926,4.476789234339653,35.80299988061797,72.55682475599482,4.958400311040241,5,1,6,41.03742471313032
8.45616915283976,71.77963138214315,8.891354052799418,37.065040770234745,22.982604179253606,9.304234931787779,3,0,1,43.47851189377326
2.4222414254753803,94.9727468679766,3.21247663873103,40.97010744838489,0.09058352460902253,8.899658687466815,5,1,0,23.15920445865302
8.081189199899008,95.03976640108239,8.906690045608142,29.555605377157175,71.52368534826331,7.858004651879744,1,0,0,56.77187792716601
11.638944553287246,53.933369467384324,6.222303354499355,67.94471623860221,17.118474383512527,2.962557533167841,5,1,4,78.4833997465786
1.1268085894730206,66.93742263551866,4.523115579521511,25.635721488318993,10.448239530783464,5.450084157239406,5,0,0,11.922497716304466
8.071225418701516,44.81451289989028,3.936447014957776,30.065181974476268,23.751612059406014,2.23897233305685,3,0,6,53.329420456775736
5.325002631654854,99.69417766492184,9.673150173076607,68.35675449425696,37.9900522322704,4.439166980465398,3,0,0,64.89913837648145
10.417707052530064,98.6782535507555,3.508659113068097,45.47454653610821,47.59063274732007,4.842130657597906,5,0,5,69.19543295207133
2.125797473368631,75.46562507952132,4.39365393955148,73.09608700258917,4.457004071263082,8.31640040169331,5,0,5,25.218688822004182
8.311511426713974,86.30898417742313,5.434756432031322,61.80685585026065,97.05733326273605,8.960283653249931,4,0,1,58.52253590184347
10.057383475777323,80.05701128985899,7.341643942727844,39.20158797961348,71.60630534195582,4.146200623964779,1,1,5,78.00272441900333
11.335370633688278,71.52107533276278,6.813607596932689,68.81209628669961,32.31940653243362,0.17704445073237207,1,1,0,90.7712950537867
8.198976339475749,33.734359789222836,3.879504446886198,28.72052602196605,31.869725728539734,8.617738397893547,2,0,2,23.72791351004261
5.966097168101127,61.833503978686274,5.0280958861675025,60.23077873100228,44.85425493684594,1.742786785013607,5,1,7,64.90077581068132
7.414166882414566,77.23504115171875,4.6712623976021685,52.7861078783776,62.6244822763033,6.218819638903935,5,0,0,43.45728562657693
10.426859813744619,77.42721297185793,4.49479998143239,40.09051871130806,14.637306658896776,0.24970900434131194,5,1,7,72.54130809739632
6.847316959665957,56.11858328956685,5.878010355359909,65.30037483046252,18.892981376495232,3.995064752605643,5,1,6,59.04126494248359
0.3646447163620423,95.91843906606213,7.928220168141598,85.35001942552118,85.94345828335508,9.859603021153498,1,1,4,62.458652427417384
11.171384346083734,41.71499225657467,4.522170525520652,94.91785248223076,25.625492388907254,1.006936011038031,3,1,3,85.76174656401152
8.274321012378733,65.02516123508924,5.56675215792087,65.58220765575683,38.01949979751775,4.236931519996423,4,0,6,75.47910966126463
8.118160629326958,78.36187835855759,5.736421987888136,50.352940574687764,87.12718509501171,3.0714995018995217,3,1,7,76.36731805628155
2.588101828772606,78.79950641242664,9.835195706047871,36.89053251621512,66.31478293998225,9.050881233882643,3,1,1,42.115601548909055
7.906625642791886,75.40472697381709,9.682664498153482,39.28220670463338,34.171187934168834,8.693401079073551,1,1,5,78.79853222426468
4.726372867849902,49.270174941630216,8.600963079264531,55.95912336123243,68.36995457246208,2.3769876030622883,4,0,2,58.06516405208157
7.814795724497905,40.93445980806354,4.691612445734297,47.54582759605319,1.968321538141371,0.8118778705043117,5,1,6,62.05304573393132
1.2791163636958887,74.51582287786977,3.476261198641688,88.53608919687082,73.56426600113653,6.271383940611175,1,0,3,56.09478796340393
7.894143655236432,71.95114812976064,5.218328964044373,47.62216007417821,48.701604051623946,3.3636871188370976,1,0,2,75.26797396422319
11.992964709248,42.55492072024687,4.867561846036816,48.008344335907665,81.31821472844612,6.72084390606063,4,1,1,53.2700315526675
0.5785444663266723,79.35974018993943,6.541480601024757,48.76508843254827,95.46376520064683,0.32119756067814476,2,0,5,55.21371189949988
11.726090210655808,61.862039421355945,8.444095370474551,82.74651577757436,92.57885494945684,1.3339923517748942,1,1,4,100.0
4.882895528674448,76.7432414122207,9.008260572152006,68.80912406351763,90.92650434553407,6.863722327726434,3,1,7,74.6719314619779
10.44904140404711,88.61569558391055,8.91404859787356,66.06266377391695,51.21699559338872,2.1237065530249777,3,1,6,91.71396485817185
9.388625808699281,41.88099000038462,5.517728928561475,45.06072667878966,36.014211413893804,8.575876757624016,5,1,6,36.77525932974254
6.804195131840014,31.340140759778567,7.81064040422478,81.34281326243295,46.503532473067274,0.5859088771013543,1,1,6,79.21277035562007
8.861390511015918,84.53718104770508,5.18983938266954,22.877289601677585,68.98960033133608,2.1548198278557464,5,1,7,69.9504064980443
10.542186735616175,72.67881976068311,3.426338802646279,85.30978792535849,88.39977768711867,9.985602484850686,1,1,1,66.58718988173752
4.849683859812396,78.97476987354852,7.910956859220596,58.45624248454472,20.698630300011956,4.330761025867926,4,0,2,60.59525220026427
3.9243979387588643,88.67084824920498,3.068792867988515,49.86876761475596,91.8193158461703,7.029656635446435,1,0,2,42.811687150522175
8.011120626763017,86.19676543771504,5.86427811220942,57.287546053826425,81.5180231969889,1.8266304885701368,2,1,1,80.14635759805164
9.694151303295103,97.26441028501773,5.30565488511453,70.05616479003733,97.88560151782346,6.0986873498553775,3,1,6,84.04825516766341
9.147421617319388,67.51545551964827,7.853642769631967,20.9574069888423,88.02517732816871,7.2610606836941844,4,0,0,50.44669336774612
9.573763786303614,64.19469428619337,8.363718309322653,85.36638923436858,27.993732969190667,3.1447663586651053,3,1,1,84.61301883053252
5.226999777755196,58.132103992351105,5.128662451798987,53.50546439835446,10.595591134404769,8.288971119758777,5,0,5,42.396790807916915
9.81401059410026,40.75837299909432,8.681389101113975,45.72248897750586,11.224107199158862,6.034175784722833,4,0,5,59.19054319893574
1.4425086644473013,70.08250630174157,5.057417323534536,30.36841742255428,29.12233185782761,3.891230096150302,2,1,4,37.069471209652065
6.533869175530194,49.39087670281852,6.124284519905928,52.95990307688316,61.418372398453926,5.5764239334315855,3,1,1,56.351248690293396
0.06910392597745885,94.49152585490829,8.089129689098938,57.22420784632841,80.43203260971725,5.767608474359243,1,0,3,58.78133601833691
3.8950299588032435,70.82335629939683,7.85044160457352,50.27350208701083,89.92503069815648,1.6553529269386602,1,0,7,84.04632613071375
4.397538418456774,71.4988126355677,9.9115793061854,70.89950703701729,62.37533843692328,4.027323698669662,1,1,7,80.40305549209648
4.754072299311065,54.844726261390704,4.576127169511523,51.56723965694195,0.563131274805373,3.4343058801949313,4,1,5,46.40287893898658
8.345606480278345,33.639254638439525,7.636225394777076,92.106318338493,18.63167765185335,4.009027225791261,2,0,5,80.21634864789576
4.662697215244149,32.22206357610921,7.267773357930442,64.94581383676939,9.972620385336795,7.611105884852579,2,0,5,32.71411143672711
5.384323471470368,59.63346009072383,9.405689181430208,80.56084517389317,36.332447556901,4.825384074666727,2,0,0,63.816953643739865
2.8505295704919296,35.919576466806646,4.094534991514125,28.201692733210912,50.13509936337459,9.403161532392643,3,1,3,22.032879519921977
4.479021499552081,72.47928688780974,8.26258714510853,49.79684697094292,4.339717857856085,2.936764133584362,4,1,6,65.18195269238252
2.7272355271578177,91.66811039477602,6.9778803138813785,45.26357760853645,34.84779757956553,4.15703578284929,1,1,6,49.941433411176014
0.8783510852213237,91.80403715631056,4.922661088515338,62.71117911024439,17.917967462532257,7.869568104790414,3,0,1,26.527670163810647
7.241383120576534,76.13317870925627,6.321044399030219,84.58351400460693,64.70701662588739,5.460245933207503,2,0,0,57.95437124864427
8.018553582660195,44.78622820310517,5.336436179488585,25.8753663321505,46.427236932434,5.4702814642444775,1,1,5,56.52807425321888
7.433884152115374,90.40977819512105,7.055193819519226,25.44310985335331,49.531764693390876,0.5334016300518352,4,0,6,70.05861342684652
5.561928525606868,92.02654047192456,9.22300427570266,83.77382811181991,42.76917880334611,3.985996627184558,5,0,3,81.3707665928632
4.557429362150758,43.76575094670711,6.985134890885414,35.96375645287681,95.6019710486567,2.707337324217325,2,0,6,58.09509586518038
10.360003794861903,81.61982600394741,7.422056928286088,70.15649408373602,21.473512512156322,9.993351228311154,2,0,7,80.7038285190919
6.228981421634616,50.05636842489861,6.631234929802966,60.715859927060386,51.66642598438743,3.083550706323103,2,0,3,57.4056359854655
5.750182531556772,86.18482186470507,3.3581585451183313,82.46701961654222,73.60173683653359,8.844965347938635,2,1,0,55.7608610791114
0.30770478967722825,99.80665299325219,4.630009898132659,29.381668237730267,55.684441313456254,6.762337350404774,1,1,6,43.56608354898103
4.094973931513876,32.1018203730575,6.444012106024579,29.733722429195844,92.90208857168011,3.4091640919209043,4,1,5,43.829127213441595
4.562347425430285,92.81561060536524,5.1716469862129335,61.76137702087307,37.796835564128415,5.435343783741237,3,1,0,56.804038710194384
4.785873370762806,73.58413735190607,4.272345184328359,90.97839900187782,46.3675805773178,8.405358799491937,1,1,7,64.50076944908754
6.962068430727987,98.13678334153748,6.528929893429068,51.12483187780657,8.852231521472842,8.833682980309119,4,0,2,46.02177684860547
6.403230560722541,62.550666226849934,5.259668554134953,44.520657519102116,60.89991110519285,1.6039387500614521,3,0,5,61.58945410321469
7.2948611135213355,89.31715513999616,4.806753502213903,65.50169923984143,28.821196844810604,3.3957314120816964,2,0,0,67.99137757829561
9.17859913850554,34.3675848018794,6.247897922082665,89.78364504087733,16.030903951556887,3.3522318021357167,4,1,1,67.13448470569733
9.755828864593122,53.4695335054807,3.932989806575212,82.76958746334677,54.45312929045081,0.4204479607594469,2,0,6,79.79177370186918
8.617476914717933,34.6911576425847,9.49422013152785,94.66127080499149,53.23102633799106,5.9823775985189656,4,0,5,75.39792124596775
11.466284351459215,98.27401934353493,9.073914685434673,21.692643740178283,7.587164122404754,8.54820052992188,5,0,4,52.54390572523953
0.21879099211633957,87.18817350902857,7.953344100183747,28.464360853457165,69.82154534944728,3.815743878255178,2,1,5,46.20172878233954
2.349335828202553,89.67831948721793,3.7434967931191934,65.71008225249665,62.377219065085285,7.40035944984177,2,0,2,36.29667975771698
0.09075449973770544,95.6575662003726,8.431140781287851,81.54323295003873,18.90172827464972,6.277004136007399,2,0,0,55.175662524943576
7.7696965698552365,35.95724402838498,8.655701296763134,41.39332567300749,46.943486215404384,3.756487354930008,1,1,7,71.98487516060663
10.776366587399842,56.99183147593334,8.374352324000363,37.940831602566405,72.032291647856,1.4105979949229708,3,1,4,88.63190491098379
2.9217875589155913,34.97244223308015,3.7977612098346882,79.02318495359006,52.94357405412765,7.093238527759674,2,0,2,38.9423635469069
11.12441453755568,44.755517108502005,7.507355699474353,24.22863903899237,39.54890761835702,8.545651689412404,2,1,1,55.11454352384011
0.7232086834747302,46.055604392637065,8.84027357024579,47.70369856869388,32.233845808094365,6.858544924014919,1,0,7,36.02144638870657
11.213232321666172,62.83750477333051,7.041473808537674,57.93569169442473,61.039386664405356,0.17878484034818065,1,1,7,87.72309098238743
4.219472246875613,48.79935172175498,7.524851626596623,62.026150576274254,93.91086983102406,2.1623289439099125,5,0,5,59.16692335698285
1.2170499413905982,37.068467477243274,6.208544355984143,74.64613675945827,67.17448404774834,0.6947998488353191,4,0,6,56.021113849354464
5.830461110235907,41.72437623658754,6.7009512391883685,46.613429257299366,7.474590363631551,5.703860995762268,2,1,4,49.03092846444428
3.0813188126460953,40.30928944864637,3.2406380084620765,65.95132585059554,46.06849734821338,7.564776788404124,4,1,6,43.90458594587995
3.418474823543074,98.11537585386088,7.472741153812992,63.90315670932173,89.08241315106275,1.1057918706865943,1,1,7,88.85178526335584
3.687479579115439,83.15047548429315,3.5701304902381144,61.07120754903103,9.446242580108688,8.383378205933852,1,1,0,50.652331484917475
9.636310773991962,97.74330256886934,6.045102160381564,68.03624698566591,98.88757121375433,5.555089783954832,5,0,0,74.57048191803251
6.469935320103054,60.7818340555536,5.048585683671854,39.458687830105724,94.90693936454213,6.899690121417249,3,1,1,49.843677735480135
3.7356923898720438,49.48579371638596,6.817995651481992,26.34865651884717,7.827448072987586,9.714018486086463,1,0,2,23.831894706853888
7.32400539973102,85.88052380464308,3.9339143486624497,28.94537540298076,93.3413320449555,0.8368098824769732,2,0,4,69.9967294443004
8.593808090678323,52.837774262880274,7.841503813813228,36.843678699042584,36.31325902594622,9.012240229777893,5,0,1,40.89935157640791
3.271488008802405,50.956836159374376,8.565080758499292,57.51484516420889,84.47091670758626,1.261026959874093,3,1,2,59.81021840988134
4.962589218304219,46.275419454548185,4.1434811482020955,83.03320629095151,41.83833377132715,3.9295880663668226,5,0,3,55.89636833343213
1.4626331200433706,39.077528475696475,3.7301916114631752,72.59700065662881,44.08551127025159,8.514386963311143,1,0,3,44.26750214733216
2.173792194416164,47.952414271173616,4.018608379511514,79.17804531515353,63.42430909775426,9.062542367378683,3,1,2,33.82718400704712
8.173414247579794,54.87238239317214,9.139892933289513,46.323171794456854,77.44774192759833,5.063716735451454,4,0,0,59.59261392218641
2.1772601723475233,77.17959457020113,6.697324832294493,50.34903062364126,3.3789150948248636,5.9410463827542515,3,0,0,28.05128180170712
6.301960604004722,34.37953895536161,6.270826972052518,49.52614144929596,59.31559955271343,7.081473345985572,2,0,3,48.88566953833653
8.508555140669191,44.73548577657401,3.74698273371648,34.39048883033762,18.673299409737098,8.327586684527141,4,1,7,43.44772811773778
1.282523077136926,86.63165482041734,7.546892047298733,24.591249360767904,34.594951786320294,1.2151116953766616,4,0,0,33.49888740193431
6.807746635546843,40.284534650863954,9.07599714326563,64.318706962042,34.79686661552165,8.100693082292276,2,0,6,50.45706021439936
3.078753404416365,53.985160256576506,8.79730108526417,94.19125125654396,46.906034022115364,4.812761505116168,4,0,7,56.3270126834029
11.555122502850958,90.52612453006981,7.382382962865609,32.512227871269715,33.41364118761734,4.50623425108169,1,1,0,81.44832356928661
5.802547760639097,40.844771780040986,3.5269510165617155,23.501361492445533,10.736111845066777,4.238997519969983,3,1,2,27.862313885937155
9.671910597301897,35.79157849327329,3.7867791902320906,78.46487613679497,14.562873852545144,5.0921158524604255,3,1,5,62.81663911233936
6.602718505875141,63.91765965560076,3.3451629097687725,38.943950501354315,3.343798556109767,9.450505533946036,2,0,2,26.946443455051124
0.52095039425783,51.16936578949755,4.802354515447285,82.22328540146962,47.02490853287543,5.482037727921516,1,0,0,46.659150763935685
7.597816507128268,69.43858551386978,3.9496302701226442,72.79525002758865,95.44476948529885,9.531775382631393,4,0,2,56.44798218357371
11.416840106479885,86.26634233384326,4.820336281767037,90.92551527881034,11.567522364811655,1.8029013061564059,3,0,4,92.20733819277336
7.219341841755974,39.60039417069202,5.695406390032732,50.6695426817504,94.6264493003082,7.241359788326331,3,0,3,46.01243071798482
9.830266313121482,70.64893591879995,9.600879488497949,69.64773795879756,73.33615147320936,8.122395386087472,3,1,5,83.60657288153924
10.610477560180893,65.38561322729048,7.2726324184718445,54.864108560995305,63.74988029341632,6.791288313348619,3,0,7,76.88308996022583
2.7369572633871897,40.08551502092397,8.844816499780737,67.29415229814077,64.52777553235629,6.069222802265404,5,0,7,53.83812282809893
2.5445380788987197,73.67989398702878,7.9724605049863255,53.7199179505803,82.67276483962821,5.648127810861823,2,1,4,52.933523236697766
7.3317718662119,49.15482925025401,3.7875219136864224,34.147418481805616,10.691986437982138,8.60930482578696,4,1,4,26.459474127256676
4.932341637680457,64.14840229808087,8.151442844617641,58.09230620025357,50.47543235655417,8.216465971645,4,0,0,52.37504847278804
10.078335634400645,35.759062699394335,4.925692170913871,59.64381510780817,69.70911382607585,1.2228872118059952,2,1,0,82.2332275314572
10.800277480776135,62.170884004953614,7.473754928962944,80.79528861951208,58.682044507356366,8.48587657030878,1,1,7,83.4688758582971
4.241056551632617,51.45244276299742,5.38673381550092,75.1640529345186,83.27790710232946,4.140686194404425,2,1,4,64.79933249659011
2.8424467076937847,87.5666847829748,9.983705842852615,69.78437179560831,7.22717090113515,2.536968299958108,3,0,4,67.32574762315582
9.366306182926342,33.98851088981578,4.844860356477445,28.50403216644294,69.0701039499166,8.697685680139259,3,1,7,49.79296615835349
3.297672426577633,59.3025092442831,4.953913295419888,74.04622179977864,53.40277303847177,4.320247996337416,2,0,1,44.59462763061941
9.871371822164141,62.09019968920066,9.514705788936787,57.52288672658861,37.91608639799434,8.083646901768166,2,1,1,68.00648482991424
5.084859043785154,80.7504253409383,3.172510832454259,87.05746520796194,34.027498223403086,2.634036119558445,4,0,6,61.479536482922825
8.010598791497646,70.20013025631476,7.8768229151123785,88.9903200597907,62.083263277419285,0.03929321422217802,4,0,3,89.21219659953783
1.1464237660160181,76.70486360359267,8.077284735151146,24.13674429513391,89.09953746442648,4.954591929029444,5,0,4,35.18152829376275
7.486311896118876,84.39344999562293,8.854650041872794,81.54811702658591,49.61759261011153,1.0022825664288426,5,1,2,83.77182450603385
5.421212144846749,90.35420815607321,9.821075174469328,22.827304281700297,82.47231640769202,7.543759555249096,3,1,5,59.71635029922713
7.03930155810569,51.971284770572936,9.829213434096566,47.5377219271267,40.21563818439675,2.760751360694104,5,1,1,58.96075772861738
2.016170492938361,67.6615893754732,3.4569373029652475,60.67249817158093,10.239446279317654,4.436456466034787,5,0,7,33.06911432253959
8.842484939330186,88.807565490744,8.752875259270319,31.10755989703456,6.1505736458638545,0.8703356509155424,1,1,0,81.0950824665079
10.353564930518743,99.26157916755395,7.524169535601669,75.97353594268077,5.1334371323677574,2.866592484472527,2,1,4,85.94584018676191
2.6008776010893078,92.26635177306342,7.531394940611638,20.62660281291039,38.015014195766994,7.81490243258572,4,0,2,19.28855696067901
1.1485746662419407,56.00270838370638,3.8984494863028636,32.64492863255276,33.72377508358421,1.5158791190231946,5,1,5,38.75005304624323
0.28366303255603675,43.66165620530553,7.551310165119573,63.559762239010674,71.79370236225695,6.471595611269574,4,0,2,34.69134469217405
7.703658005319192,64.25747761846121,9.877378064208735,73.57906715279694,74.28215015848659,9.174258528045012,5,1,6,69.73357860174653
7.285128433065369,81.91490162852295,9.382729986776129,88.74823270204371,5.085396883373983,6.798367597577203,5,0,2,66.99049603484977
6.56036895256884,64.47983495273084,6.073914625633954,72.91224889509678,22.112326288901496,8.110216892922269,3,0,0,54.16031589473326
2.783365153391705,63.82266043195679,3.2796358130026606,70.38344526911494,27.42618501588997,1.089716293039158,1,1,1,66.14169124484178
4.6908719508661765,88.67612947572604,5.536054430001434,49.57558597629982,54.76119841428094,2.5073182600205444,2,0,2,61.99063074689776
7.1337160222340765,55.298264534703044,8.784732181203886,20.096331914510106,14.451522390695025,8.94538852240591,2,1,5,37.01375288285315
5.961202306310033,90.1856272368152,7.910493710256162,29.011944405171647,13.394121940000037,7.151056136180892,3,1,1,47.0578936175517
11.853426242578648,58.47633606662065,6.215405589157695,60.091590856702936,94.3788889207958,6.395538263773112,3,1,6,83.72132771386796
1.6372770306807976,52.976317397483754,3.3857107461118177,70.63474143833147,80.4202907297781,6.637667361217,2,1,6,53.24576228547879
8.341734648571126,61.77929378397893,5.988263094763118,51.30862129223469,18.06549020911703,4.142005543046434,2,0,3,59.980985943983775
4.8518252172515055,83.37128710724079,6.283174578025184,74.80092586462926,40.6567807905491,0.4455663161765322,1,0,0,70.46397694215602
5.1383953791073775,38.8201419504796,9.499888730258952,59.13967214991341,35.56219992575655,7.84441542070729,5,0,1,35.899076546157445
8.611173187898114,43.749345111041215,7.487602725075116,25.563214669573416,79.10040740654073,6.787132362153539,1,1,6,59.24867926327291
8.309233815892435,96.60113779641644,5.1815704165825425,34.401218822596164,51.021291647812205,4.728044641127247,2,1,6,61.337250617868904
11.89507192442626,42.284413916695016,6.67722785115505,82.99986674329571,12.784973699346702,8.997596153682574,5,0,1,58.89301506025551
1.5407314734495028,69.74091225517381,3.4623871547551204,74.36845599683296,73.89920631562438,3.3615966498509886,2,0,2,53.10751530628866
1.249315792609996,70.55201266633566,9.807977649548157,87.10714902593712,39.68879782249189,2.943217442312359,1,1,7,78.47012549747255
8.692065805544894,64.27371234351713,5.520419313515082,28.81679368407024,26.292424763214704,8.727963250794428,1,1,5,52.78007625259368
6.940643004076909,75.1321674003773,6.3450714843919505,94.26669009613055,37.54986220207201,7.9698765475898545,1,1,2,78.21701577934071
3.2899279987176704,46.08787080583329,5.486987819658458,35.70550354624502,49.77565636068964,5.1497981064834475,5,0,5,33.117157998008594
0.9530324278678393,68.68635874437237,7.777582110813401,20.883490721498152,34.311551641700945,1.3073473945784997,4,1,6,46.15531799648062
1.0278989951571664,56.0521278672828,7.635625108307151,94.80672042901656,24.190577259175782,2.1507147146505243,4,0,6,60.10450593943867
10.73029049596942,76.31670817404324,8.00725617370395,41.08054140838348,39.85020288039804,6.562279904088067,2,1,0,69.06179742939511
2.302407896624915,39.885648036120465,4.877002607283446,70.101458938442,1.9172910749898242,3.8504123784041164,5,0,1,32.764763094840255
3.880458745386249,69.96141917876334,5.209679368148462,33.25117356322289,77.24978460963139,8.364731916659712,3,1,4,45.86847682674989
2.7198768267238562,42.96892487683266,3.8767586176734556,63.517139914935626,17.09448935675858,9.499550093322041,4,0,6,31.413708782236856
4.259955669983247,49.505014418052546,7.588569802922788,87.80262398409195,4.390461363063725,8.056369252749182,5,0,5,48.45220129389861
0.8330861129531204,45.30968602265082,3.278579891349568,44.013587557132894,65.36986929050792,3.775454229955572,5,0,5,29.59823700125634
6.228717490899244,42.7986445908172,7.183776348664214,70.26904820332695,77.39361288236722,7.8868642923142405,4,1,7,59.44004356559217
0.8113507631065788,87.79976660924669,9.087871193961437,34.092769159881236,81.38291315928431,3.5144167347068347,5,0,7,55.38646986696106
9.604278093868338,49.999529736262325,9.235825038027436,66.85965490390439,49.35091826605999,1.671000877656339,5,0,2,78.24772829410719
2.8045449829251963,94.89866473051146,6.143264322589731,45.23377638631327,20.53681846899853,0.33393204865857395,4,1,2,56.42453340096746
6.480142975254127,97.89485677416336,6.215125817491517,35.84061939409638,73.72276772498267,3.8571671276102,1,0,6,71.32328026230581
10.560949050737499,69.98823289559681,3.5387842810561216,43.48865380277263,69.97130771543371,9.035593036972818,2,0,6,53.157009022930126
7.810528428566331,40.01007858660085,7.69535517810125,33.41308013808495,24.627073410317323,2.389865877556765,3,1,3,59.46175052445375
6.395493438616024,56.218377036570686,8.74881594260992,87.6437080878412,90.34077558627929,2.06513164929784,2,0,5,83.9503495640455
3.892005037384507,85.84125843437498,4.712585382232991,49.78901647378466,10.4371458082829,9.698207852410404,1,1,0,39.672392131838066
3.996022956698375,55.717351008794935,5.949106171433552,38.395947873077546,98.26882395913256,0.2500411285059212,1,0,1,58.36197061441175
8.033843462378282,36.091205281195215,8.871875357356892,53.63058807619497,86.02478109774646,7.857821503937544,5,1,1,62.58411220436575
11.929672334654011,68.97494376497315,9.139843273636016,44.040212510487166,68.78986454790751,3.2136995574087033,2,0,7,88.40134024886062
7.942070278192544,89.15845960472242,4.702259861849582,75.83144403599945,93.87498882798329,0.37487956869659333,1,0,1,89.18603321157795
6.693401008440299,85.71484710004518,6.853994441789549,92.84149339141207,72.23111683237077,9.178025402095836,2,0,5,65.61606118942562
8.767806122870953,42.258619809124724,4.347452054450789,52.85252425232351,19.045699703004594,1.396423302095836,1,1,2,71.40192774971032
5.582467347404618,77.09352300887267,3.7131513489768957,84.57750499791803,44.21561381128117,5.517792837256954,3,0,0,55.91294630288093
0.7217081112094226,45.4352984404953,9.377843509743702,62.439730516971466,7.150302433163535,2.740542074295478,1,0,1,55.66812950862839
6.747561790534918,45.274527418652056,8.743552529624765,31.79267488206751,38.96574222881154,0.6519280218469103,2,1,5,67.5297530197981
11.491503414064562,91.18502413136295,8.320244312622219,71.79670565610061,74.16030197372086,0.4992248566337909,5,1,4,100.0
2.1036353082919157,47.476826691816115,3.341364231691983,58.50758728443651,38.644335093081736,1.155566988363388,2,1,6,50.12063563041246
8.280058689847989,48.427314256260786,8.906101548971803,68.79548924390775,33.02941754681341,0.7136701388938005,4,0,3,78.409676690041
2.4112042639086777,30.045737353290967,6.066308531337686,86.72655594287487,59.53557225103119,7.605581155199229,2,0,3,47.18907630151663
6.429932213676976,90.94683238878623,5.396765863071018,53.03259279920346,87.2204528998895,4.8556620228342915,3,0,1,55.363855262807306
1.1601173957606354,85.48163692463943,6.825334527177635,87.58832174130167,4.7583192546112425,3.428920913489797,3,1,2,56.69764792679156
5.404451235098222,73.91302545634747,3.639472699064891,76.30017607112411,38.54704346997354,4.183689101320072,3,1,3,65.22012703252815
9.073959946742953,82.51860347571895,8.296525845466793,56.64536944084886,15.82407418152627,9.289467355726233,1,0,3,58.062605856706476
4.170858290867785,40.643399719714424,7.077045538218071,65.24166017434727,69.53542507318696,9.107518127381471,3,0,7,42.80659887946124
7.978940693846616,62.08265162113028,4.306130678112172,44.41858493892586,10.572456043113487,7.156764801225769,2,1,3,48.446598425364975
9.54539952947675,54.58535711441466,4.317625398383319,93.76979748040806,66.48077585802446,8.846823774216878,5,1,3,65.01869838345762
11.126133833753432,36.564356837991156,4.28974056100872,70.0513372287797,28.618087079790733,3.196480275876248,3,1,1,65.14678978328728
2.8157049822654425,64.02913396504468,3.399016712863538,23.28851393724724,19.89168137372247,3.8110932600828287,2,0,7,43.755498675640084
4.791790989711698,94.45177552398448,7.114589145601793,44.49664293110065,93.63525578249853,6.137121818542281,1,1,5,67.55924068406945
1.8289921599650092,32.804138333548615,8.882437243119558,66.74858253192932,1.8524576745955867,6.236259472972642,1,1,0,34.35988603522371
11.909802025900502,50.402263944565576,3.1224874979117203,24.224995834942984,43.777727188956895,4.81699838012341,5,1,0,39.0881888556742
11.124011615091543,44.52786553439924,3.3430325147989146,21.791314348935707,2.162699246179378,4.006578484379533,5,1,2,47.84614957955238
6.479485563366715,46.67026575659874,7.009391936808621,53.75181796458519,48.3593048104329,9.861803116086952,2,0,5,40.00452244927108
10.104399532517055,93.59041863155628,8.736469797702366,44.95176347695025,50.10473777944182,8.211236261177245,5,1,6,70.29860025982833
6.251495727264507,62.76483379640031,5.287172233980435,52.872395602487444,32.1662471394747,4.349801978880452,5,0,4,45.336408671973416
7.4830282560331165,62.640958905787315,5.447300791654055,39.70199824100039,13.216177752502368,7.272924772395685,1,0,0,41.16159268671717
1.0694931853921994,83.24029497186976,7.174425482477432,32.35383102072357,37.63875377344753,2.6956169325245947,2,1,4,51.915122843860686
9.063245045961695,40.814454280344805,4.919490223869029,71.68575177352533,67.2262939932566,1.0016932623732988,5,1,0,63.01242150713107
1.532561803622818,64.10857478700356,3.186258562543789,58.59283372008504,78.23958086444591,3.524310255527406,2,0,7,48.69316030670244
9.91281156303034,60.09896498847418,8.146599626711172,35.01156584370251,53.07506023881423,4.029728001233942,3,1,0,61.36628772371522
9.38433705204463,71.78374833826592,7.379549390590172,43.96920696949987,58.98343944397556,0.16537124560670802,1,0,7,81.39258182751875
8.504936372915717,99.9690392275307,7.0652919933896134,64.38559307474944,20.06163711246527,8.14792001635896,1,1,7,73.43834705312132
0.4339245662971454,83.8614225857433,8.191788902942761,25.417201120435838,28.733033322764946,3.591934023891815,1,0,2,37.71240632150809
3.6375402713439433,57.8505992112199,7.7266158629342625,31.058975694963465,16.18956100523584,5.80418165780147,4,0,3,38.20601249729671
3.1573508389301144,87.92871365918329,4.441173917248248,25.493420308054258,24.929535000461133,0.7396318727095597,2,0,2,42.79764073727562
4.32163688965823,41.949585431873615,5.4673673286034585,80.92379995355891,22.488678022553177,1.7499682875058398,3,1,7,68.21213049614329
1.0517129611660625,32.13245804162721,3.882770991750375,76.4306924909007,51.94487863912376,8.896937253275599,5,0,7,30.3886757339939
11.243493876372753,44.31138607249911,3.9089990939251673,76.49846989094428,56.26887557907294,6.086875278828008,3,0,0,54.84319226313554
6.645626888548515,53.828808927998175,7.733370224495775,73.72440076070211,94.49474208215045,9.502840501704856,2,1,5,63.44748120813398
3.6662917278962825,65.7406530221692,9.010200748877487,70.2039067752402,19.557064710152304,9.987500343913169,1,1,3,50.34913559367596
4.763778204891401,73.05903983788399,9.739128087027973,55.77439365336312,64.1675710161496,3.718601153330944,4,0,5,67.91543939868983
5.366430486058028,93.74240020500952,7.3984298228461105,68.17086226303363,81.72592689875229,2.988030640832746,2,0,5,78.60102583585812
7.207132000327407,65.68978066853204,4.288709263526699,22.8771166090981,56.024146378305254,8.583560551590967,2,1,5,48.01856942810735
6.188153132357973,65.08929512380107,3.739552418142515,66.60983169925885,25.50036525010757,9.986114270374543,5,0,3,36.03146291599324
11.032703678573007,33.517010687608746,8.689956800757304,78.34082791526579,26.255023002000023,6.296412342324573,3,1,5,77.67065629296118
5.963561794869963,32.443808685935664,7.051295334519995,57.52687702882926,3.925305307099991,7.951407225115224,3,1,3,38.10938940601164
11.905896177879752,68.58119733414605,7.327995147096039,46.81349963204277,30.54442265484817,7.8174585881527445,5,1,4,65.91997039497963
10.217099492941148,60.672502927384116,8.470234621282964,40.80700511007343,74.46036790033801,3.5533970821954695,4,0,7,84.95947318954987
2.5021261722880297,88.7426276486209,7.922940594127161,68.21015376215618,4.751775720711038,5.7427038025708725,1,1,6,64.78744082402994
11.167142575726995,41.247570929829166,8.841207769992677,71.96008989724317,21.929528250483067,8.330569412642136,1,0,0,69.61522982941823
1.396396774625713,31.74801634819347,3.3934973382191496,85.32256998969069,70.6232498531782,6.881138762610554,4,0,1,31.69791413802928
9.809396501894298,61.43271375510881,8.232644457225533,45.6750561845743,78.26515628228766,0.2116381398203826,5,1,5,88.24028368068313
4.567479521718961,46.62349897265803,8.955969301254669,77.73292305391891,45.53184100619284,3.3670566889753353,2,1,2,73.46419335380867
10.535691845340834,33.47300613371862,5.0029452972082,62.10168681420035,69.80743384786489,1.4447569659460535,3,1,4,77.99801677663132
10.416680281289404,80.72188007933403,7.48313091795277,86.21273680085594,38.7952168654892,2.329722120780391,2,1,2,93.57191724953283
9.671104801411454,37.81150999700732,5.199134446858805,59.58590812217156,15.991324502412752,9.054894774913256,3,0,1,34.77716156762894
9.480365235684737,72.58236500054402,9.705797465377177,58.822237129847544,39.814949352290654,0.3689328891076815,2,0,3,87.17663996345749
3.6561496691764894,49.67348251168224,3.233965007048526,63.340781108068185,57.996782020314285,2.1980071196192377,5,1,1,50.11669853689808
0.9710313966150261,42.14472352485154,7.058549906830685,76.19865163568258,94.80532818528903,3.0956935223823145,5,0,2,46.694400725921334
4.8357621451819375,56.58260660435222,4.165524829346605,92.35178591213457,6.875095208867732,6.168840719663948,4,1,7,50.81152962639184
2.082294179838104,86.10120433560675,7.98554143624011,25.517251566182424,50.73940938449606,5.341016900858655,2,0,7,48.519308990137134
8.33941306682954,57.44655038332009,4.231231983930634,24.007595179326287,32.89197782107244,2.1826948285338608,2,0,1,50.52047301733348
4.153196718453426,82.5538754447739,4.647682833288503,90.31627530555039,50.83116942766945,1.6424106722315446,4,0,7,67.61849116091145
11.707322410318978,38.78404077594055,6.460595677320306,59.740671913865455,2.397544737653168,2.367980345961188,4,1,0,66.66109077307289
7.691664928143984,84.09399937655553,9.403844649978147,66.1177260925202,31.302535470158134,5.0252962670165555,5,0,1,67.769320940903
9.869766763612331,46.5853327434654,4.482000605035796,56.181770119604664,81.9868147527005,2.7117778571120343,5,0,5,73.62543257766663
1.5902960729021811,77.4175190922211,4.0096801478267245,27.024308945560588,55.39417338546375,9.476025016077221,2,0,0,16.338162235666704
10.34417378727147,69.60470883886975,8.312837822978214,77.6067033814,45.05824928161174,4.638652214288475,5,0,5,90.13849611404244
11.073086286160732,95.04013020481811,6.504336726337517,76.04184838164402,28.552507171533957,0.5879601654463706,5,1,6,96.11305085633053
5.844743025827231,57.112576258271986,9.3824957866724,43.377749111960895,29.80425227913559,7.292664058366334,2,0,6,46.75063805672351
7.27503525301173,34.63156321841083,4.026301900118896,42.96794339213003,38.31014335905844,3.288452882089896,4,1,1,43.70821398568306
9.177717610835945,31.340883988587702,7.521495251161276,82.83810356791389,83.55707099645603,6.534889320582476,2,1,0,65.40647343188768
2.0980635271249506,87.88009926809272,4.630154023062705,25.426794330599495,96.72132068082684,2.79594370523232,1,0,7,54.21141093626313
6.030792917561309,66.73149463630025,4.097323000561476,86.08288612674244,43.865538135037454,5.707437417333199,2,0,0,60.038140552624
4.783956333267757,84.26708362844644,7.7840059061008935,39.249626742193584,39.33528387477618,7.721525048074646,1,1,6,57.674982158594474
1.7564879059469893,46.40979200080603,7.155792339361133,64.47385608166203,84.65507758198628,9.28008741774554,2,1,1,35.12909846327728
4.410413067498377,54.15586218592636,8.283792208536319,90.19956342513333,42.69053206363036,2.6112714443307707,1,1,4,72.05147708074466
0.8180677126259228,32.10727105479233,5.166238035123277,70.85918761524849,55.20181722956512,3.3485695099898116,1,0,3,47.153744266721034
0.3097428833938438,97.30446272018786,6.13580159467533,51.08223593502774,23.094166459874444,4.642664202859397,2,0,3,47.423362165904834
1.6219954698578731,76.75075346905695,5.838301734312929,71.71506566790615,74.35025357790752,9.271748377359888,5,1,3,40.185466713550525
11.557381339070087,95.32435614315143,9.8886262477656,45.79847272372776,53.19883182707819,9.01386856810657,3,1,7,67.78843416323934
6.5943544307402036,48.58474852003506,5.045742697175715,40.79438122618896,80.90345502403416,0.8987828010063803,5,1,0,50.19639263957737
11.58986593383864,72.80245278579626,5.063720668427369,94.75124584510098,78.07327300286697,1.3192982575381085,1,0,7,100.0
5.189974539961584,77.49499778048465,5.481837461800252,76.30926733848408,21.500476827002856,4.955091773306383,2,0,6,59.90060680989646
3.741793597023115,52.228479018031194,6.9521585690322505,68.35399830363633,71.56355505577623,1.066192728054235,2,1,3,68.17670451891827
6.073702354082929,89.3676464510941,4.766259209846217,46.64672324144891,80.00544079513713,3.4558087334869745,2,0,6,70.33057561444427
5.274140263594921,96.30130240301735,9.407029582654918,23.687062186628612,34.61072407823951,1.4838537821747766,2,1,0,62.811415545541635
1.267976211140927,91.9398582387203,4.859798954063844,22.329265702636672,17.260911290227455,6.360403551318859,3,0,6,36.755337783815754
7.689915776282475,81.73468831575607,9.270710120921363,61.56359415865991,0.263215557958818,9.494954317391617,4,1,4,56.05616226399489
2.5924581901151953,49.42252758074678,3.724325445526093,77.15245407792884,45.09036530931482,9.967337702943816,1,0,7,35.74551355199151
7.435055458773955,49.713122947394226,7.595938916797566,60.30343928328913,35.24327315388416,3.752411324969148,3,0,1,65.37224328855099
7.8024131087778406,97.43522243122266,9.348898629067705,83.05888039543359,55.49098338254089,5.990126371146123,5,0,6,82.10843344384776
1.8242982375437773,30.71991471549844,4.1812460687876065,22.506989981991623,18.804109258878576,8.562676535240813,4,0,6,3.9822920709616216
0.7361955253280179,80.12349812695011,9.778288720694785,47.506405731945506,85.96655476664752,1.1746207279638399,4,0,1,60.58872199400237
9.369139032821277,79.43723137886835,6.170183522908582,37.78027933806335,25.775521562810965,6.895644110519649,2,0,0,50.672579855496465
5.517605085231843,73.58826786648582,9.62000575908717,53.54547261178415,22.642960508764997,4.088436617250682,3,0,0,51.94838460991717
0.6979655460657095,99.3076192260806,7.737740305410329,25.428229489559186,48.071405648435594,2.061461602801641,5,1,7,52.941608257134
11.938395806037207,51.831560503460764,5.111108089114861,91.55987311783043,49.885102374427426,4.0275361874744195,2,1,6,89.83662345048012
0.6933667319563996,53.798030465527376,4.318117674419745,36.74415508020207,21.508522878509282,0.7596028696491686,2,1,4,32.65041611815073
8.340422746302638,35.525758206258885,5.126145323575695,89.17308316126886,27.18607267259158,6.954071485893057,1,0,3,55.52486481125213
11.804147103160963,60.99586955806162,3.651121864838725,51.941986627751135,16.970523915524495,2.527426687484531,4,0,4,74.96237891095632
2.8701612505911074,48.27339683643937,4.007075764403308,93.91430999414135,71.84601783231668,3.11405645044878,5,0,1,53.38439528440949
1.7069924242463541,54.037069152435095,3.732623082425368,61.55437875951581,77.0089031254082,1.2108129824146274,4,1,1,56.49766334134039
1.4566192730691467,88.42002531789393,5.960604806190904,89.81246481318556,46.23284974592826,8.646591138898916,3,1,5,57.05812743524801
3.6393017708111466,95.4839159469247,8.569048633803105,20.401174152066712,71.40870226850174,4.934442792827386,1,1,3,64.05053676212646
1.2125497321277603,43.001315040363,3.9896848795143813,76.11791046356751,73.59353919374455,5.721468777864002,2,1,6,52.28133139720683
8.305936100329582,56.07562520874261,3.912243032206351,87.72879898268866,13.82755276778086,5.694326830948546,1,1,1,60.105893025246345
0.7475015775607523,95.00413934807759,7.504002646621315,30.479042523421555,96.61780248345367,4.104931145413417,2,1,5,59.68591951153707
6.1130655377974765,34.32659224824558,4.380280873776464,27.20943887991136,82.1031947096431,1.9252991543813947,1,0,0,41.86557694252786
11.960362246235722,36.4652369677965,3.6832702667629413,51.842945538946665,20.44834611958235,7.451327484984,2,1,1,56.96359292059515
9.767643234072226,41.395369244436054,4.167940047439044,90.02591795997013,18.616503574607023,1.2705626535767434,4,0,2,72.06432172859704
7.382633258772131,71.66489838888123,9.466119771137432,60.678992014282905,12.566114557958274,1.038737902788105,4,1,3,76.45910110368261
3.67504344943934,40.53305897041982,8.750298769433336,59.55923477912991,13.837856254191838,7.101450375965034,4,1,5,42.44301587791969
7.486750035499662,97.76534670155135,5.4784519364856585,30.58445887244914,74.81617990286962,2.0883702045198382,4,0,3,68.82981863460361
6.32449756693982,61.27001690809642,7.590745371291749,20.05921333199141,46.96542569516235,3.0677275135283235,1,0,3,53.12755575730374
5.113000606684458,65.10625722451164,6.760929715676267,80.76050680590959,78.29341727398672,4.752274670017402,2,0,2,57.868955629207385
1.5685245208823937,47.26610310637845,7.739869844377948,26.568092223967867,74.62548943502054,4.493513167295462,4,1,4,30.592989023033663
10.639250582885602,62.967217670431346,7.778698067239315,67.53873640514931,60.46127135052216,7.085791250649992,1,1,0,68.51102604496465
5.39741578585587,76.33395428459082,7.4011381054199505,88.59623408863936,68.63666065786795,6.2343179344336095,2,0,3,75.02881159016806
2.335470141849181,82.582399586783,4.862709579761161,35.64889348688233,1.8355724379141791,6.443961622818657,1,1,1,38.70786471227031
4.413112210527475,82.77076578969391,3.273044945339727,69.89546271776831,31.177764680502197,7.140543306554573,4,0,7,50.61805112154848
4.969557030347124,70.45237788858618,6.188967473930761,25.90239325306321,63.78221792594102,2.9261272742346534,3,1,0,51.48754409574945
9.930454746802491,93.30518424957,9.236817192834927,65.28163578782097,0.9344953486244201,3.2233331180047364,1,1,1,92.76278228941652
8.803372566736824,87.21854931142767,6.986480809630031,32.29487907149021,3.2976943682593407,4.379977478955541,4,1,0,57.272362997824075
9.231658723696079,82.99336802890377,8.826737291913355,75.19651703863835,85.18879824703832,3.0746217303352608,5,0,6,92.8887639605673
0.13237517314376657,33.89238651763225,9.941370400728598,42.59234710954311,68.40248616920718,9.849378689708635,2,1,0,27.04228978115989
4.993847978157138,30.48145735537545,4.145313428967934,54.75432566034847,26.536973312034394,8.140519264214296,4,0,5,27.885730705911794
5.7761298196238835,44.87130940368311,7.842443473993876,64.95729065207163,68.7962840118709,1.6465468825602958,5,0,1,60.187046811140625
0.23030732187668024,76.44665157394166,7.720055015900172,32.84550579996797,79.24566691392633,0.055941558818695114,1,0,7,71.39463663996803
3.1177585049404106,58.783824221778204,9.859688131507948,75.62283639632156,30.679428311010128,0.4278326824726786,1,0,1,65.41385983586939
9.12347787746562,58.16843815095182,9.899205137669602,42.69802554776109,3.603737749918745,2.440634510429253,5,0,6,68.17785441191926
1.6453164687479886,91.92108217607296,7.806750282068906,69.67788949345652,93.27791246877345,1.1429128583685655,5,0,0,57.37008416764644
6.4237215774311,92.68939936922871,4.70530354387536,31.871228802453025,34.51798382956305,5.333381148925721,2,0,3,47.17027823679284
2.58242246420685,93.642268483751,8.589890866914192,71.60882444047627,10.648176328470637,8.579952227273587,1,0,7,61.23097236195291
0.14544929572671927,51.97146535605191,3.7492039394772667,29.61410546078463,49.18568713931474,7.367502209132274,5,0,1,0.7129628700784387
2.8944174911944978,78.37390689174832,8.464895129201402,51.901737220248776,76.84677956641337,2.156090630821904,3,1,6,74.94359970072567
11.710485058920646,49.014322689205876,9.371372869012875,38.54045553041576,22.164731461755917,3.992992560257859,3,0,7,82.65655603913804
9.618445342595875,43.34268831521148,5.6798337633790466,76.1281437071137,26.949005013336336,5.078942095312776,5,1,2,64.30186753661175
11.514919731852402,42.92427201431585,7.414447064881563,39.652625338015596,24.27149867985832,8.102058495033354,2,0,2,58.900876873607665
5.854248527116349,53.94753346045158,6.0109991246777845,86.12879797965472,99.16730528316782,8.391216031061647,1,1,0,64.890757642543
1.316834384130042,60.09703338458752,6.064355384916899,86.88651585549596,19.740373373054254,9.09718311907776,3,1,4,46.135241756033835
6.5755138676843154,88.16644197385479,5.17259622375684,34.733098641708935,57.5520216966124,5.092452505028752,5,1,0,51.771035299193194
5.4525280147195305,38.392376543089846,8.334907343152272,66.03844587557933,92.52646416569644,6.9427474643586295,5,1,6,57.226190758436054
10.132284992875391,81.4448093176426,9.553235949165536,26.578823128997325,14.689656887777925,1.1180037123393716,4,1,0,67.92197607605009
1.176990969410935,67.20184399325137,9.585256014641228,49.36528247012219,97.08541978677002,5.6528895995398205,5,1,3,57.012178551140515
5.858893644261338,50.15617398731948,4.223468994124537,73.49912971259542,94.74772343956246,2.486918094711351,2,0,3,66.97460305406119
1.800583976327811,64.49737091729773,9.123205547595962,69.45674351374372,88.45719870582626,4.3171688502661105,3,0,5,62.41272966184839
3.8961111226807197,50.995944884391584,8.162020089989856,66.85255020549559,21.455652133000225,6.340505083067194,4,0,6,48.57783423940841
8.848284928653596,71.72573686668142,4.769861804832025,41.19056477468327,63.405505601098334,2.569859378537811,3,0,4,67.10431344717114
5.712217552425198,60.36907459986709,3.470992290450602,48.351871207580146,76.08914729612401,0.5218505779676108,3,0,7,58.386112957682535
4.5106594217492315,41.50838703552151,4.875980868190646,27.720960852521465,98.60279281964297,0.10233856408757513,2,0,6,55.969358420605495
4.733715342840424,38.16081521889877,9.38545765747068,73.92671153252007,18.04238220813704,0.22159535544521547,5,1,6,72.09748632086827
5.51336122087184,68.26869774504911,7.432250724270406,57.791659759345514,76.60258995192964,0.08349737513769662,2,0,4,70.07947148647166
9.420198526044683,93.16891233002724,8.047382626285103,73.1574224259241,33.880116992711294,1.1035505655787547,5,1,6,93.43121421451042
10.705016267282813,54.07703805903799,4.800066457763671,38.67076435976546,17.56264655680023,2.394887145701299,4,1,4,58.21806802227832
11.46401623804714,81.31000750558363,8.035717089023741,44.33286714762997,42.13769412138549,2.212215141822992,2,1,4,88.1671292579706
9.442840635063542,76.10629484578368,3.1968505439454664,45.0661502945086,79.38359121486164,9.867965941798968,2,1,4,66.01855331546665
3.7848827489761527,95.20884400166366,5.627249420411097,21.930680731041214,46.48498037040522,3.0600610520894325,1,1,6,57.26030708608236
8.257616473038507,87.46867121093986,7.387273439796319,45.578590462296766,53.75231002030485,1.274207833593991,2,1,6,78.8018046069497
5.251237488664703,69.66236812338241,4.022675958789241,80.24784301385252,99.51594102001212,5.455625441677579,1,0,0,64.25181844205916
3.056047464552614,75.99213487638751,8.761025021128543,87.29738718123039,39.9109299557426,8.579574553975084,5,1,6,61.63886640351607
10.09045895311107,92.88705266088243,4.645219091683431,58.86637367269456,61.54007547092398,6.780603767876752,5,1,0,59.29531225146763
0.46111618754789996,57.966314921085434,7.5659677897291235,54.16262714144152,36.524420161537186,2.960820891354503,5,0,5,34.2776445258539
10.821143905625082,52.87562941004441,5.836379998027308,22.31184640245277,39.27856463287049,5.61616159791455,1,0,2,48.60111256619024
5.53772957549681,30.756775854463744,7.17230516834353,85.9403253189037,69.56407534454081,7.148559742004092,5,0,2,51.04761948345877
7.646417721699365,87.85857519340249,3.752153868402357,20.975766006940454,93.78869760948835,7.281044923677423,3,0,5,47.33536107517989
7.9122470664693925,86.06864902823554,3.1183895994512514,90.85625601576588,54.23589504923214,6.665384552976889,2,0,5,77.07001811193655
10.741412888478436,37.3118162670106,9.366950991662108,56.691218651606796,76.83999289487798,8.70810424775618,1,0,1,67.23318317345706
7.640036186006488,70.38001667928901,4.88741006137028,45.64508701810449,8.920655881696382,8.701054583441044,5,0,0,33.94281726749064
7.367203017120741,62.47871887168212,8.737739019463213,89.31638261319951,21.115803743192696,5.789365594070032,3,1,4,66.21915882282329
0.7998244867282795,38.3096366856378,9.995452103305402,21.829324483257256,50.213164091953246,4.298563691112123,2,0,7,42.52952411229429
6.220896263342449,98.63977589425065,4.480018805992378,63.60686711518153,2.001172362877479,6.415702955650998,2,1,1,65.98647284995467
1.8020280098044998,45.02871212243488,4.85619518828349,61.16993933745032,25.28549787625588,8.182120013704631,5,0,3,28.04997539085298
8.849205224657826,34.70639260633928,7.6400185134426595,36.449030090853654,51.740128982496614,0.05652104841184724,3,0,0,58.59341995902588
6.146663049752094,71.63931656513367,9.758140442204349,52.166557351265794,1.4961198256300712,9.91997009014851,1,1,6,55.319543540581904
8.16273335050024,81.72066739931228,9.410700437335208,68.91980044578276,26.45462862260417,1.8289377232919923,5,0,5,82.61621270267163
0.5000748072286112,32.27104122330309,6.520128640459094,74.53483976614456,51.40308194758695,4.702489856599762,2,0,2,48.42475379791222
1.0175041925496386,76.11023471089155,8.565771977687072,20.053764402993483,57.314924798124565,8.720297348428668,2,0,0,22.548494000203064
8.595880656752186,67.26043131660181,3.9502209716993075,90.26400725682615,92.57516930553055,2.2504039904419937,2,0,5,84.30906692507418
0.8650120319840804,37.22855062125339,9.842067289428087,32.33940292946093,64.53456232506079,4.767952239003832,5,0,7,37.60788127109295
0.8550807331831032,42.076671386245344,9.750472638251907,37.51853256667694,41.473580252999376,1.3258218018117918,4,0,7,47.467434264422096
0.1453017028186494,69.75820081212564,4.146102705154197,39.760508427038616,93.03511771330678,3.950763253881926,4,0,0,36.425746420945
11.478016779593762,50.74503294593019,5.0959618736217465,22.83651024140265,78.48829833877943,1.7713545479300252,4,1,6,71.79835061424407
8.850100313508083,95.68210100559213,3.7010849825473686,29.228909269274368,20.00089211127476,3.63627748771157,3,0,0,44.7562693547098
4.23901690202477,87.31181606388355,4.902023192287258,93.97624422081215,13.084236134881976,3.73464216792722,5,1,6,64.91337378313465
3.5584269754518627,98.84970445595641,8.711690525906446,43.641255303296454,67.58116357427329,9.931707895983328,2,1,0,45.32000349636687
4.196438756950195,48.17695872652898,5.648209250156816,28.647581775428698,55.98831655769838,9.948130293037723,3,1,3,16.71054121790716
9.295842374174182,97.88065429585839,3.6187787700273084,28.02434458809675,78.96736137927557,1.1478627866061242,4,1,2,74.92466837825731
7.936447332844972,60.18637088540905,5.395578673452332,73.9594975752479,73.88050500786865,7.259687793283472,1,1,0,65.75815982344182
2.2223468144096152,54.326315671962824,9.869683339688962,84.09264980244807,62.521153385751504,0.5174547966910115,3,1,5,75.93862767305515
2.089312024009012,33.52446688785473,7.407785166814421,39.27142246313524,98.63821716288922,0.30192015337188627,3,1,3,59.82163956075382
1.1807477965607678,33.69356805017218,5.9131266248431045,21.568213425142623,53.35897301104087,1.053338942449643,5,0,7,35.36149583344676
7.923632636416057,78.44078791626583,4.16576959448089,36.731751383401686,11.310575650171984,9.654856570079339,3,0,1,27.636895699158334
9.172471946660831,62.05502961038195,9.903237580985863,24.2386768097568,82.82735648159884,9.408635478946973,5,0,0,49.08102012987608
3.1805571399000483,45.8565138225274,8.745943064841901,27.754620247253115,25.185336234570897,1.9392782028068045,1,1,6,61.013450466130124
0.25133953237095374,72.97792144276629,4.970341117156436,52.36310898857318,77.73021481439183,1.6167233555371152,2,0,3,50.11003151387335
0.9860600097171281,47.70006827750778,3.490480870048326,37.243877814622444,95.71070960000515,2.40535086515947,2,1,4,43.45701213540896
11.614320418140366,70.43422280410958,3.3963789016429065,58.69594088940676,69.67955139643412,5.155469940751422,4,1,1,69.2032733786964
3.545337329729043,55.14461228878832,3.842647046538737,39.012031494289275,59.60301609498011,5.697046320354099,4,0,2,25.802803794938395
9.230677774057604,87.64865586282733,7.065380085300951,90.54029758272107,46.03861756750406,2.2159343043944735,1,1,0,94.04690148024044
7.495962826251166,87.44873125367455,9.501343948438446,87.94579759446984,36.440986599540324,7.5662278808994525,2,1,0,71.86113013155155
4.58327567583475,63.41452786856809,6.477203996041892,62.51045787578495,35.30047509718363,3.0955316940265076,4,0,3,55.129756336126555
2.4682471463466613,54.55733765345109,8.90061837719338,46.58179939905396,63.63727057095906,9.221313255294103,3,1,7,45.82128165929
1.4566370179128771,55.37918575913662,6.121206339018655,48.58601615260517,75.12731169377459,6.567227064567306,5,0,2,34.77280171060688
7.3801556164664,86.40001679677525,7.960084820374776,50.88892123583727,67.85170694844143,4.363511943036117,4,1,4,75.37095200500623
9.295605367653456,52.97256379583284,8.123109161005505,74.56844916012079,19.841010119356273,7.899120017028453,1,1,1,61.733807366258084
7.726851042493568,44.63415615947922,4.21774594132337,53.87292466391284,49.39871801434912,8.179146260466648,2,0,5,47.98553475085539
6.3636255989899,35.92818393127148,5.528512412830683,84.2547459879423,79.1640072183063,2.9048160560894365,1,0,2,74.43948534666497
0.5034146811796352,62.66851846190859,7.461115095766168,90.80710894477734,47.57040781890562,3.3971454383608437,5,0,0,45.09613334754556
11.621865331132605,63.749246924388935,3.494876257290563,45.19596150342004,53.66232797354938,9.359551537286034,5,1,3,59.59000078736452
9.584570299854896,88.8636097282035,5.530781314340697,62.05208610317601,77.11360481708222,1.6474103836327192,1,1,4,86.49266686533869
3.513864440411577,45.48670875122448,6.743596263968348,27.12924026244233,66.12653062650915,0.421504169629342,4,0,3,54.921320621542655
11.759643952306208,56.66938915678799,9.97357145131247,35.035178582476924,40.93449208823926,4.540553226095492,4,0,1,61.387646733906195
7.222579075635865,86.58840172255836,6.3217349383570856,51.00993250326201,89.54127111942189,8.012099002436289,2,0,6,64.43539257140395
6.989071898486958,87.65365275242814,8.712397299800266,35.465203692633416,16.25670686634786,7.716681063107458,2,1,6,58.356638079378776
8.976878153154384,56.92277531851377,6.024470995466324,85.74203680915382,99.55164485903248,9.195306289128325,3,1,2,62.943281057289084
9.74123745708165,62.138681630067666,8.574735058337962,31.871469204432355,11.88525784762372,5.332006643690402,3,0,3,59.89511551439318
7.877743287978031,51.2300123594498,7.167903611340758,54.174561616481895,1.4949971104238902,1.0006467156653331,2,0,5,71.16743285041119
1.5371489563944003,95.27884148935185,9.206168090516789,65.42744303449066,89.00189011487647,5.886889743360161,3,0,5,67.1596296506362
4.059210071933981,38.30506360191062,5.876597866450769,71.88979311206333,24.49535083659561,7.783956143532116,1,1,6,48.4323439248406
11.137003683912596,95.3624596101029,7.230130938750352,48.730202729488006,72.96996274467209,0.933281202698264,4,0,6,87.31660834131333
2.695387342126223,77.87065162847404,7.410130764331791,85.18243015435463,81.10153749320693,1.7265740109758976,3,0,3,79.16528496136495
4.466004286050159,67.21005068807119,5.921680592603313,62.623936330844415,85.89863910321168,0.12290661155670901,3,0,7,75.71272027040698
5.184922595330352,32.286134254914714,4.010184305812371,52.96308353356638,99.15942356641668,5.936525794468103,1,1,0,43.55558217638354
5.272859876333426,63.29173342754058,3.6549158483863486,25.043047553902746,29.403971003999906,8.867343919459044,5,1,3,25.661380769284744
7.355274989934307,58.542367350191256,3.1167008541974317,54.85171013338738,71.02433419272592,6.706633160020995,2,0,4,43.80008389519227
11.31691005293649,41.28531683825858,9.114739849716504,81.55518806117976,11.539985828082822,9.82040087590982,1,1,2,69.92811683198984
2.8883125419900595,75.94867224504598,4.655324385670862,66.09057636659867,40.68092913568494,0.6303365249976156,5,0,1,56.48860700993317
1.4580165156110168,97.98056351578,4.480547244972376,82.41218402968389,84.79716933125904,9.030010851514962,1,0,7,57.195175064653185
2.369645878319248,69.35321677451677,8.152247802982458,57.05087529494792,36.76580460591084,8.140682873866806,4,0,5,45.39496630612422
10.643098802511235,80.0327293510762,5.240112791611742,28.884627882086136,59.10953805356141,3.142415204995049,1,0,7,78.42494264016173
7.749729751862472,34.79153167962117,6.542312846882856,21.02298843769108,50.377344372463405,9.735265518372518,1,1,3,38.83397851887563
3.4308814708699216,59.23668970718963,4.137577457082195,42.74146600389434,64.59515311120451,2.87937748171415,4,0,4,53.28029029161424
9.791363267623407,38.14509396151471,9.718220050233786,72.34928536233443,97.28943893876949,8.893047238282184,2,0,7,82.55014320572307
10.336439956361232,72.89570848755574,8.961069800120661,79.26949279562703,5.573552650140212,8.807485770741895,5,1,6,75.02843191602972
10.158172064283336,95.69375107499083,9.046527360755023,42.18146259652471,57.39615175016297,7.576576166029724,3,0,5,73.57846280082384
11.027118403674653,76.3244412730147,5.847416240004037,57.17404406624353,86.30287792502848,5.6347047381285185,2,1,7,83.24552862543055
3.026892242080339,35.37621338200951,8.336528495950208,51.583917832556125,48.13827117484275,1.2000274961688806,1,0,5,55.559856496608255
9.060503144955339,54.8266343489558,4.0071330877284606,50.78920882635709,7.852718594157282,5.319717344964983,3,0,1,51.05293265287125
5.5264739672896805,68.5464365608596,3.0603330181424617,37.351153490011285,56.05393524167709,3.567962556549346,4,0,5,45.6647462439509
10.103982634680738,58.224542929327654,3.1398105280461968,30.22783287720938,33.20738908238204,7.9221703315535175,2,0,7,42.182900607591975
8.741888125939358,88.35508073326207,7.106212161831923,34.751641867340986,15.49417853379359,7.581292064968449,5,1,4,49.1968014204256
9.317369357996697,87.02697032969925,6.187764336735586,24.149929037250956,84.9034513283473,9.106125073726052,2,0,5,53.15349986726367
7.873942052172858,72.8281714072255,6.626107442359638,34.85980563676828,52.15995129911216,0.14830162431707872,2,1,5,84.74119478872902
2.1291452336364824,56.14205615928937,3.0522419829205356,20.69006732190346,93.32764123790666,8.091032168230461,3,1,3,28.87496653433648
6.54032302676326,47.87354616342709,5.95880633760198,67.04438004769837,80.6016504603069,9.384620531246687,4,1,3,51.10613684695724
11.816036874294099,37.41120227491905,8.026477128406025,43.72815555407622,69.29717937736673,7.893004491081501,4,0,6,64.12872537370144
11.248656797965428,54.84283784405878,6.09885591377205,92.98585335701814,0.5025503365311934,1.301944598703667,2,1,2,90.66990362681538
0.51808482956414,58.92207620454037,8.125534444185556,34.52877880822234,42.782345663825,0.8127910484088774,4,1,0,38.621136040323144
1.9777777887532455,77.30760475728516,4.6311327507778435,45.93714277321954,19.74862816520323,0.2084523980770081,3,1,4,47.25969840128245
1.580745281454743,76.07118770083014,8.69199403137208,46.838086898114994,91.07979110488678,6.287452258280711,3,0,0,50.876922805293546
8.711758919823545,34.90756977488799,7.119018683174166,20.63386220468454,17.458398467636027,6.296726518598873,5,0,0,24.848958301688562
9.813423958283341,57.668152080181045,4.475341696009344,82.94059647795942,28.60600516592855,9.869137142182122,4,1,5,59.564722163279384
2.562136395728063,42.72452070521533,4.657043330976831,22.399584510824354,51.68367677344992,3.9804317410409573,5,1,7,29.73534145289533
6.070232315421948,40.9768893721764,7.396213251986759,90.5134876046931,26.336361899807926,3.3190628489749674,1,0,6,74.59099218015983
10.0884363361344,87.91115048160722,8.809577152487105,86.90557633202155,20.986467727912117,6.244249271843925,3,1,1,81.44763112464072
8.793618537195007,32.93406517013803,5.9093944742040865,60.16414370644727,59.90993251027524,8.256086725075939,2,1,7,62.853692053365485
6.506846465902179,59.34280131314849,4.808103003893145,60.76966811834691,8.892952275502386,9.367739495230019,3,1,7,35.23297285462488
7.084172285505275,41.774255903656275,9.069081248374204,69.03334422171173,5.816775872092473,8.031241661790386,1,0,1,57.85601986553082
6.10032656299536,91.55311509749319,7.6848780422558445,49.028750895116524,37.22452951860714,4.266739806158047,2,1,5,73.89791940954304
3.570581415825847,68.99283592925246,6.136598410981536,68.54167125483916,72.06644545078623,6.349142353120642,4,1,6,63.38533784656846
6.780263914308193,46.19664454637936,6.415301366955113,23.357629151636516,55.4806758273948,8.56299326716117,4,0,4,38.12743880610103
8.266623624601088,65.16991010164635,4.429795275554775,24.053572051229494,42.28764684667789,4.906096883117394,3,1,0,47.683512565332755
10.479874990329693,81.2040451792181,7.387618410453907,54.29228147146583,56.57515642245824,2.166866437053927,2,0,2,78.68994386538903
7.635496247750977,97.06826062436036,5.511197573800221,61.22167258295262,36.54514846532736,1.6972343974787296,2,0,6,81.6699965920552
9.133458444517895,45.43122029717932,9.969516236720445,86.58632302518643,93.61463354321128,0.0015774457805672881,5,0,0,90.48724585991093
1.920859619454876,92.03272404905417,6.361284606833215,27.84954754309222,5.490489091077433,7.182379949812843,1,1,1,38.717364930087
5.538689693037479,95.40128799172432,6.401199243327293,81.6985945395417,67.33914790298353,1.110972088459905,4,1,0,83.24515783505981
0.11197943792511955,94.14943811724464,6.960962511874703,35.75355029690522,89.12826648277505,2.438390996959404,3,1,3,54.92875041289328
2.9601463742594762,74.47900498033368,9.417292021831226,49.55627363825239,80.38847087352534,2.9787633152279334,2,1,3,69.66014931669875
8.717540581356058,74.08744581042953,8.605726699018252,43.74518261205597,18.404103482144674,5.603798601367683,4,1,2,63.59883868867055
11.90171941619236,58.22474432286759,6.15791048858489,50.01164546490492,29.592634898028834,3.9795727729576926,3,1,4,78.51378072407822
1.1901371950465909,82.66785176126515,8.030894861809571,31.287162355443918,71.70479387071047,6.746739920231618,4,1,0,46.05182752917136
4.817931790335459,67.19058128456524,7.103648491465331,57.76775558026662,8.427055918076555,0.5563865932870271,3,1,3,67.71420398734053
9.600851624389914,77.42066498598061,6.446569340908742,80.12319423735255,81.18616998325841,1.2393919426443945,4,0,4,92.37157066116862
2.448427615546786,59.99205326941568,4.346210409490453,53.11505077841727,71.89069446047903,4.992115035332667,5,1,6,44.50277256458705
6.661019391627435,81.20475248301973,6.247553844184236,56.79601819236493,72.96066492353425,3.369647878468298,1,1,6,77.02893855448204
8.796855552356098,87.71300623231843,4.720730109158023,83.65756889609857,10.024137026759139,2.958133627513597,4,0,3,69.70018948699405
7.391825403122148,40.25053796219713,9.403895048961584,72.95435859785232,71.77605448162309,0.6702807903752273,1,1,4,72.27305634253202
2.2562968153849936,88.30508009019596,5.347847694474428,56.78408063898385,67.981812521997,8.957191747480014,4,0,4,36.01843266127939
4.2646148242288735,67.8207572253215,9.665848101733605,39.327173614188474,83.09224908218505,6.918185861250508,2,1,3,56.23623796036503
9.405501413824766,89.12661363631571,6.731387030662979,86.3695060133725,4.159595625646951,1.2161815681964938,5,1,5,86.7358935954278
6.6507181695841995,60.191119443871024,7.420810650733122,63.276530126791876,2.3110668467792195,0.6504595773714061,5,0,1,62.72874503435325
0.06275536251495284,56.532833976812455,6.800583111425294,36.586070758302,37.300709987856074,9.74872533431243,1,0,4,18.78345192679547
9.131889120337126,94.05425127620558,3.905664318766906,40.183981447850776,14.878828384915288,6.811725504395048,2,1,6,56.58364015299639
0.42373625928286884,47.581848728388096,5.630748533055587,80.23498167021845,55.838447757022195,4.174560710937415,3,0,5,37.856973754026484
8.948805392774785,89.09486277003002,3.6940227859433676,23.31091715655916,91.73489015067489,7.017310407557849,5,1,0,50.895852041423346
2.429766721982849,63.88144007565829,7.3606783092836725,94.4069140271615,39.14797303340157,7.563317864801591,2,1,5,56.607392855060645
11.496881761432562,65.98668097858818,6.128119366403072,29.776375978609384,84.49503772726041,7.799622023887793,2,1,3,60.55943743007776
4.415289015625014,51.59277970426388,8.445894800996559,79.7051394047703,0.024087451786647396,4.778773056530577,1,1,5,67.92609328112289
3.923179396056949,70.1129540433311,4.543293366995589,49.608148757876215,16.851464345918423,4.29882758124848,2,1,1,41.27497652022221
1.7866566039893361,52.76478373933479,4.151962409005344,56.91621374656001,3.042353965408562,0.1102808426890034,2,1,3,50.74175511039137
3.6672505858825786,32.748858996915665,5.844325616746374,86.04879330984333,32.814718051506865,9.26557115141838,3,0,2,31.603924976554055
10.519809141938406,49.039902374104926,9.48609768252867,50.968339219190995,90.81895956965027,6.03307878388943,1,0,0,71.91392491769659
11.956012051526969,30.446533038461347,7.9729527050868825,60.312031525492586,9.695212359898775,2.0315393718996813,1,0,6,76.46380065224463
4.4197143660821805,98.48483509397997,5.93246537355043,23.697474680687748,60.64097767438004,9.196034194214366,2,1,2,40.04951563592228
5.383327571454511,97.60230468738233,6.620905188280174,20.176060540058987,45.14959391194442,9.149319017702965,3,0,5,48.21440005959683
8.664851258432844,57.66087082306135,3.5894910782396883,38.35999047512944,93.84682123658125,9.891841643660959,4,1,4,37.346478786291094
10.634349365580894,80.98595980377522,9.892031274632792,71.04373196890754,12.251914253709383,8.740565631389789,5,0,5,76.96253042465766
7.11653201024141,54.20642688872975,7.664851132864433,29.094867001935253,21.202785050222893,9.977843878200648,1,1,7,41.23694143335776
4.698308378133952,76.97652099601832,4.997828479243958,28.532146910341204,2.9541968611493274,2.446861881232726,3,1,6,54.454547089516836
4.951462090183485,86.38010301321853,7.10065875950671,50.82204560269275,43.393524963137374,8.422495851992341,3,1,6,60.35438401279784
8.347417757961683,96.27293712845685,3.7663765624829577,68.587777895617,27.783289956465428,8.230283087957645,2,1,7,69.67852708787461
0.03861916325134418,58.01485930947704,9.760856681653085,73.40539941859478,86.99059338903209,2.3094035922073375,5,1,4,56.934235699893826
7.435072049518088,84.83085880692335,4.2234949151835615,33.38380055737811,60.4940813197755,0.9843754900099078,1,0,2,66.79515964470784
4.265916125296289,48.61499154424831,7.536212226386499,25.969111052903184,61.409073797570166,9.794205136775997,4,1,2,41.9364850998768
9.53036797532501,99.32326126555539,4.718181237772513,90.52977754591582,53.19106968813024,2.9602455152061036,2,0,4,90.36824363048605
1.115887677877586,31.80387191350458,8.02292967853975,39.54997869215763,9.1850337229201,8.70891790467806,1,1,1,22.53780766278744
7.0584272033806865,72.24701645507847,8.437749570681968,84.00098732065429,44.501868372535526,0.041271546746038945,1,1,7,97.12932213448049
5.7716746786334845,76.16541871559289,7.713938102380029,84.76185878471136,99.95051897085165,0.21024807219602204,3,1,0,90.92926073862951
7.707906310862729,78.16318899518902,7.301496221786348,77.93919438219083,83.52292908460149,4.658713086963684,5,0,3,73.92996392995565
0.7782431337956202,38.42713051523623,9.247283657664081,32.662520498942754,89.34590541671159,2.3871468393506357,4,1,7,52.360821443799054
6.959805449137575,95.69708484311913,3.5503869769283063,81.63510944406502,82.32263592464994,6.898412834359643,5,0,2,61.139982328551675
6.737815055514284,42.682829533505796,5.316403360461367,77.69379194311901,10.304169343098268,5.655643255679543,3,1,0,46.629546715320465
6.727921132994052,73.59273822678887,4.738012357415922,64.75422425796629,22.74482540647996,0.7748579745049144,4,0,3,76.44496563907522
7.241851999157458,45.58732553861594,9.916097734457951,45.290152637671454,0.3121651356409627,1.6262829631571707,4,0,5,61.27025178210373
8.117615246716348,51.50514919148896,5.725728457668114,39.68814531999081,30.351012487811147,3.880492700584143,2,0,3,69.90821684956956
9.659867996169236,68.25209792096871,8.128288894682791,29.141690906026923,10.860740234649258,1.8560406395543316,4,1,2,66.81985388733695
3.237848641538572,59.20353929952036,7.793076147167032,58.231780017565356,47.2793345301583,7.922223472439286,1,1,1,50.60521023279969
9.900592922160744,41.21579206835544,4.484568662341644,63.89456566323849,67.7127488573902,4.1607023555328,5,0,1,56.94717773658525
5.9790681871614435,41.96554816945938,4.672983761480859,46.95042428868404,87.4505295038077,0.9343186684249927,5,1,0,51.91320618400112
0.924699349611974,59.27013517139598,4.968991944871239,55.65193007606514,74.92171650908982,4.843429022721248,2,1,5,46.890329356442
0.7026111509277504,83.00980847928506,5.877890947815654,47.263584302695,93.85855957785051,0.9083818106141417,4,1,0,50.245803887030725
4.01085982435273,92.8575252793452,4.6402754595536875,68.0754542990526,5.3898290393788795,1.2893730541981718,3,0,4,57.42999329685028
9.41876372533761,35.8889363581568,3.1375603792279345,87.59444058474224,1.217983541654144,2.3960983202820527,1,0,1,73.99395293214097
8.49217121689099,57.517273529158075,9.155751397650368,32.29401965352086,66.13381138362126,8.595277052474898,2,1,0,57.308492160694335
9.463379576068878,37.017189460601365,9.75926881966619,48.60566074273426,28.935241022224623,9.24612532332972,4,0,4,57.59553151169412
6.207228677299312,31.161473644281852,5.390992709220976,30.565145296314597,25.350101610577312,8.26257729332069,3,1,5,38.36471744941438
5.282387975465887,76.32030778507696,5.36954815597831,66.8707827805874,33.08870876937943,3.3407721741784724,4,1,6,62.373835939150915
1.7694303204754074,72.17146093766115,3.049642689420597,74.66528821164468,26.979605789236416,2.7244644110883165,2,0,3,42.09718932494085
3.9383130433117386,41.41133796704203,7.761754818312618,89.89345494480919,51.14364063015873,5.491556907902392,3,0,0,52.6077939755407
5.208232394086503,46.36689831651449,8.7780792702404,40.91539446957237,44.01484472241325,7.2185316053311235,3,1,4,48.13273431335042
1.0632051561554068,31.659542755116288,4.026258102520022,91.26584043990727,51.242855137665636,9.933727881601747,3,1,1,36.6767985174324
2.647343432534535,88.44630439860826,4.117664445570055,24.744700386550612,67.27136115004362,1.3157071187892622,3,1,7,55.188761352420045
7.178703528764865,98.2283417233986,8.530582749800065,65.22603975234412,38.71305089711483,0.49291999023804434,4,0,3,97.09903785552864
8.827957370870278,39.48216757562835,7.314035238479013,24.28495395074975,25.13076871421568,6.94355888995271,3,0,0,35.3568804566182
11.980170136715396,46.20326496357087,3.314023903394019,87.03306408214586,16.62005368087455,8.322257835039055,4,1,1,62.774267167015445
11.197359976122693,90.78866667628537,7.357828933235972,59.73567928025406,34.94741195326255,8.463487798664232,3,1,6,73.02705858856318
7.710782394422298,94.85246585693294,5.162424059906362,70.2011263072097,74.1806475246172,6.784635490771606,3,0,3,70.04071883137121
5.054976639528864,59.37391679647672,5.581076088295921,82.36804444328394,75.67049101114695,9.540158041191871,2,1,2,54.66746828780721
7.634128376498793,33.543573058835186,8.388119928078162,31.273296686297655,66.69053866842103,5.110047635445869,4,0,1,45.300291981675
9.427819416962784,32.75742835849736,8.676546348708275,22.89436714536004,23.402817530687457,9.138147983362124,4,0,2,31.907312070326817
1.4200342910806478,70.17649062483073,5.802496387878815,85.91608594346391,58.80862458546977,9.67812136991523,5,1,5,45.770240004870935
4.918858676355459,57.502657622522534,9.630070552044483,43.619992059419936,57.0689661576848,8.471574570031077,2,1,0,51.663738497023346
10.077627427627407,32.005669930435815,5.8452390256645055,29.673418094537396,48.42661981097255,3.097585632586206,4,0,6,51.11120094386126
4.6059954231965285,70.82766746187897,8.40285224661077,55.13459278153149,54.997898638386424,1.9621565117029527,2,1,4,71.57346280047088
6.862467254726239,30.791177561231574,6.387140851949813,64.87295567720142,49.17906326236681,5.4812006498181844,2,0,0,53.17165397303625
7.053232330346379,85.11603707044911,9.282726285654588,22.32279525668826,56.54563660741082,4.530147503801885,2,0,1,62.25584539193382
2.2137150376036723,51.450297589236015,9.35432870555125,40.61717436928158,71.55059546211288,8.77758342192733,1,0,2,47.93482102238248
4.346825299827461,32.818060210646244,3.611917655097587,22.4599905707672,10.962819440343974,1.0003167106715372,4,1,7,41.24524664774614
4.014135464903186,71.18465546882072,9.55545331917158,51.52515418966242,74.96257521490237,2.577400613115186,2,1,2,67.85235644833642
0.31436050238477753,57.83790901031383,8.778743890642911,87.13250217996833,13.58861501275942,7.5179894451870855,1,1,3,47.831939718798864
0.29030116669626294,98.16602893500047,8.539175000188667,93.69893086201769,6.6627998410374705,0.9498664497731213,1,0,0,66.85984191923578
9.980364524109282,68.09390637525915,4.4063793777986575,67.77856651277207,97.60796862214676,3.2076441402170017,3,0,0,71.01553704401601
3.276849719673749,49.26674267259058,8.635834461282656,32.12282703384439,95.69917688704415,3.8715539405398314,3,0,1,48.075800901728215
6.216945194865785,79.66072052437823,8.950929142795257,87.93870424994793,6.043654494056405,6.225937965626899,4,0,7,72.97144759710756
3.5847068830652766,49.00444017798979,5.024052341179057,58.71858674000453,44.32534414749622,1.5813264571936458,3,1,2,57.9086206188675
11.288150941384085,93.29703039852956,9.665820548536267,31.531198407718858,18.624493829977474,8.606044903497095,4,1,1,65.01111255221045
3.111561106389285,56.23053793551635,3.34902102479415,89.1295002088746,48.53448971344181,4.475422354662743,1,1,1,63.077477321055504
5.155881752867221,68.49079939433437,4.0493647727299775,76.81017880423272,83.01772429995874,9.170217118805565,1,0,5,52.783653278680504
10.472763005815223,33.54011726769602,6.7630679663606,74.87789545423637,95.06117747428902,4.678699136339316,4,0,2,80.20528273774812
10.103202801501704,59.82848665665615,7.030547297856168,73.18855278458035,63.42526534515373,2.750402589407334,3,1,1,78.71812358497151
2.233217014155328,88.26544777626964,7.516050583106324,35.02548658223317,35.390566721181706,1.4182882868767488,3,0,2,53.15484175894538
9.631719717548524,86.39541637543394,3.1187839052082653,35.82550187806446,60.332556564459836,0.03745094711284813,4,1,1,68.73666469502848
5.498242640854712,45.70229911974684,9.722567422354912,71.62197488204413,31.200130610845033,5.321574849848356,5,0,7,60.655267607030936
5.795626465024263,45.82553497073938,3.312116649139008,36.47920625827977,90.98236408320604,1.0715669692692342,3,0,4,57.03294903211836
1.6017596689913254,87.21137185492657,4.001433669063816,52.900377260228666,87.04004631058369,3.9172776363117823,2,0,7,48.849082247270324
0.9672181650854959,95.12788941185279,3.0981016226823987,78.6501369195456,55.8231750279661,5.892717612370867,3,0,7,48.48327351948064
8.735271683685182,36.67526448911025,6.968009033058663,78.79643885733807,32.47989153803606,2.756858969027003,5,0,1,67.69046470964577
5.957533828263597,61.50410475983577,9.525868187446806,53.99463293943947,29.338967558297835,1.7522429236611525,1,1,7,78.34374820563082
5.242208431382155,53.62179952749602,7.66163016256325,79.41424537064339,3.341799470505946,7.747216226093416,1,1,7,60.2092750096792
8.754098743828761,90.94819188202075,8.758602279362991,82.89663471485426,81.58208510252952,9.467911722816206,1,1,7,82.54233373057251
9.186154787893317,35.84674402760132,3.092968424210061,69.10818134631953,45.038321303900794,1.00440417861966,3,0,1,61.736148302494335
1.9068980120322427,44.778815979062614,6.794107089358082,37.131938923131514,32.513292840026445,1.5559032438500786,1,1,6,54.771029198844886
7.322701793731696,82.67278363105461,6.216940842538653,40.55088352891606,47.11103549977539,9.600126572527186,5,1,4,44.07560465865931
1.6242489873322263,33.59056942868509,6.492775609545552,43.61308665565515,81.8737990454652,0.37784221812246277,5,0,0,47.53779862280774
9.016501032348549,64.47747665000026,3.505492297346316,28.7603080800464,12.461420770752119,9.776323365504723,3,0,2,36.29787613876107
7.883461875205674,60.9474924275804,7.791047527485152,40.48697152774588,85.76559882418273,0.04644483084988771,2,1,6,81.5392766862568
11.479375453001495,53.40808252921241,6.522542904010441,35.71394182343991,89.7508835108354,8.736686556513312,3,1,3,57.74589512752399
0.8274961962770542,57.620062072324664,8.356041949028848,54.14965623564516,94.67079150338881,3.0732518098774952,1,1,4,47.848444558765294
0.6846566538150518,67.0958410851163,6.397034438432008,88.13281609041987,39.74879924226278,9.385888581772965,3,1,6,42.179210866694184
3.3862448963184018,41.29571508718682,4.045671453585024,27.836023756546858,21.714040403767186,3.1694528863558546,5,1,7,28.695432345955545
